X1_TUOI_HOC_VIEN,X2_GIOI_TINH,X3_BANG_TOT_NGHIEP_CAP_3_LOAI,X14_DOI_TUONG_HOC,NOI_SINH,KHAC_NGANH_YN,MA_KHOI_NGANH_DA_TOT_NGHIEP,Y3_TRANG_THAI_HOC_VIEN
31,1,Khong Biet,VAN_BANG_HAI,TP.HCM,N,KHOA_HOC_TU_NHIEN,0
33,1,Khong Biet,TRUNG_HOC_PHO_THONG,Khánh Hòa,N,KHOI_NGANH_THPT,0
39,0,Khong Biet,TRUNG_HOC_PHO_THONG,??ng Nai,N,KHOI_NGANH_THPT,0
29,1,Khong Biet,TRUNG_HOC_PHO_THONG,TP.HCM,N,KHOI_NGANH_THPT,0
29,0,Khong Biet,TRUNG_HOC_PHO_THONG,Hu?,N,KHOI_NGANH_THPT,0
22,1,Khong Biet,TRUNG_HOC_PHO_THONG,Tp HCM,N,KHOI_NGANH_THPT,0
19,0,Khong Biet,TRUNG_HOC_PHO_THONG,Tây Ninh,N,KHOI_NGANH_THPT,0
24,1,Khong Biet,TRUNG_HOC_PHO_THONG,TP.HCM,N,KHOI_NGANH_THPT,0
35,1,Khong Biet,VAN_BANG_HAI,Bình ??nh,Y,KHOA_HOC_TU_NHIEN,0
26,1,Khong Biet,VAN_BANG_HAI,Lâm ??ng,Y,KHOA_HOC_TU_NHIEN,0
28,1,Khong Biet,VAN_BANG_HAI,Tp HCM,Y,KHOA_HOC_TU_NHIEN,0
35,1,Khong Biet,VAN_BANG_HAI,TP.HCM,N,KHOA_HOC_XA_HOI_NHAN_VAN,0
25,1,Khong Biet,VAN_BANG_HAI,??ng Nai,N,KHOA_HOC_TU_NHIEN,0
30,1,Khong Biet,VAN_BANG_HAI,??ng Nai,N,KHOA_HOC_TU_NHIEN,0
36,1,Khong Biet,VAN_BANG_HAI,TP.HCM,N,KHOA_HOC_TU_NHIEN,0
32,1,Khong Biet,VAN_BANG_HAI,Lâm ??ng,N,KHOA_HOC_TU_NHIEN,0
34,1,TB,TRUNG_HOC_PHO_THONG,Tuyên Quang,N,KHOI_NGANH_THPT,0
29,1,TB - Kha,CAO_DANG,Qu?ng Ngãi,Y,KHOA_HOC_TU_NHIEN,0
24,0,Khong Biet,TRUNG_CAP_CUNG_NGANH,??ng Nai,N,KINH_TE,0
26,1,Khong Biet,VAN_BANG_HAI,H?i Phòng,N,KHOA_HOC_TU_NHIEN,0
23,1,Khong Biet,DIPLOMA,TP.HCM,Ch?a bi?t,KHOI_NGANH_THPT,0
23,0,Khong Biet,CAO_DANG,H?i Phòng,Ch?a bi?t,KHOA_HOC_TU_NHIEN,0
22,0,Khong Biet,CAO_DANG,TP.HCM,Ch?a bi?t,KHOA_HOC_XA_HOI_NHAN_VAN,0
24,0,Khong Biet,TRUNG_CAP_CUNG_NGANH,TP.HCM,Ch?a bi?t,KINH_TE,0
35,0,Khong Biet,VAN_BANG_HAI,Khánh Hòa,Ch?a bi?t,NGOAI_NGU,0
23,1,Khong Biet,CAO_DANG,??ng nai,Ch?a bi?t,KINH_TE,0
24,0,Khong Biet,TRUNG_CAP_CUNG_NGANH,??k L?k,Ch?a bi?t,KINH_TE,0
26,0,Khong Biet,VAN_BANG_HAI,B?n Tre,Ch?a bi?t,KHOA_HOC_XA_HOI_NHAN_VAN,0
27,0,Khong Biet,VAN_BANG_HAI,Thanh Hóa,Ch?a bi?t,KHOA_HOC_XA_HOI_NHAN_VAN,0
24,0,Khong Biet,CAO_DANG,Thái Bình,Ch?a bi?t,KINH_TE,0
25,0,Khong Biet,CAO_DANG,Ninh Bình,Ch?a bi?t,KINH_TE,0
22,0,Khong Biet,CAO_DANG,Bình ??nh,Ch?a bi?t,NGOAI_NGU,0
26,1,Khong Biet,CAO_DANG,Thái Bình ,Ch?a bi?t,KINH_TE,0
27,1,Khong Biet,CAO_DANG,Tiê?n Giang,Ch?a bi?t,KHOA_HOC_TU_NHIEN,0
31,1,Khong Biet,CAO_DANG,Hà Nam Ninh,Ch?a bi?t,KHOA_HOC_TU_NHIEN,0
22,0,Khong Biet,TRUNG_CAP_KHAC_NGANH,Lâm ??ng,Ch?a bi?t,KINH_TE,0
24,1,Khong Biet,TRUNG_CAP_KHAC_NGANH,Hu?,Ch?a bi?t,KHOA_HOC_TU_NHIEN,0
28,1,Khong Biet,TRUNG_HOC_PHO_THONG,??k L?k,Ch?a bi?t,KHOI_NGANH_THPT,0
29,1,Khong Biet,TRUNG_HOC_PHO_THONG,Thanh Hóa,Ch?a bi?t,KHOI_NGANH_THPT,0
24,0,Khong Biet,TRUNG_HOC_PHO_THONG,Hà N?i,Ch?a bi?t,KHOI_NGANH_THPT,0
31,0,Khong Biet,VAN_BANG_HAI,TP.HCM,Ch?a bi?t,KHOA_HOC_XA_HOI_NHAN_VAN,0
31,0,Khong Biet,VAN_BANG_HAI,Ti?n Giang,Ch?a bi?t,NGOAI_NGU,0
25,0,Khong Biet,CAO_DANG,Quãng Ngãi,Ch?a bi?t,KINH_TE,0
27,0,Khong Biet,TRUNG_CAP_CUNG_NGANH,TP.HCM,Ch?a bi?t,KINH_TE,0
39,1,TB,VAN_BANG_HAI,Khánh Hòa,Y,NGOAI_NGU,0
31,0,Khong Biet,VAN_BANG_HAI,Hòa Bình,Ch?a bi?t,KINH_TE,0
24,1,Khong Biet,CAO_DANG,Tây Ninh,Ch?a bi?t,KHOA_HOC_TU_NHIEN,0
32,0,Khong Biet,CAO_DANG,TP.HCM,Ch?a bi?t,KHOA_HOC_TU_NHIEN,0
28,0,Khong Biet,CAO_DANG,C?n Th?,Ch?a bi?t,KINH_TE,0
25,0,Khong Biet,CAO_DANG,B?n Tre,Ch?a bi?t,KINH_TE,0
29,1,Khong Biet,TRUNG_HOC_PHO_THONG,Thanh Hóa,Ch?a bi?t,KHOI_NGANH_THPT,0
32,1,Khong Biet,VAN_BANG_HAI,Long An,Ch?a bi?t,KHOA_HOC_TU_NHIEN,0
22,0,Khong Biet,VAN_BANG_HAI,Bình Thu?n,Ch?a bi?t,KINH_TE,0
21,0,Khong Biet,DIPLOMA,C?u Long,Ch?a bi?t,KHOA_HOC_TU_NHIEN,0
36,1,Khong Biet,DIPLOMA,Long An,Ch?a bi?t,KHOI_NGANH_THPT,0
23,1,Khong Biet,DIPLOMA,Bình Thu?n,Ch?a bi?t,KHOI_NGANH_THPT,0
30,1,Khong Biet,VAN_BANG_HAI,H?i D??ng,Y,KHOA_HOC_TU_NHIEN,0
22,0,Khong Biet,VAN_BANG_HAI,Qu?ng Ninh,Y,KHOA_HOC_TU_NHIEN,0
29,1,Khong Biet,VAN_BANG_HAI,H?i Phòng,Y,KHOA_HOC_XA_HOI_NHAN_VAN,0
19,1,Khong Biet,DIPLOMA,B?c Giang,Ch?a bi?t,KHOI_NGANH_THPT,0
29,0,Khong Biet,TRUNG_HOC_PHO_THONG,B?c Giang,Ch?a bi?t,KHOI_NGANH_THPT,0
30,0,Khong Biet,VAN_BANG_HAI,Thanh Hóa,N,NGOAI_NGU,0
29,1,Khong Biet,TRUNG_HOC_PHO_THONG,Thái Bình,Ch?a bi?t,KHOI_NGANH_THPT,0
22,1,Khong Biet,TRUNG_HOC_PHO_THONG,Hà N?i,Ch?a bi?t,KHOI_NGANH_THPT,0
31,1,Khong Biet,TRUNG_HOC_PHO_THONG,V?nh Phúc,Ch?a bi?t,KHOI_NGANH_THPT,0
28,1,Khong Biet,DIPLOMA,Ninh Bình,Ch?a bi?t,KHOI_NGANH_THPT,0
23,0,Khong Biet,CAO_DANG,Hà Giang,Ch?a bi?t,KINH_TE,0
22,0,Khong Biet,TRUNG_HOC_PHO_THONG,B?c Ninh,Ch?a bi?t,KHOI_NGANH_THPT,0
30,1,Khong Biet,TRUNG_HOC_PHO_THONG,Phú Th?,Ch?a bi?t,KHOI_NGANH_THPT,0
27,1,Khong Biet,CAO_DANG,Thái Bình,Ch?a bi?t,KHOA_HOC_TU_NHIEN,0
27,0,Khong Biet,VAN_BANG_HAI,Thanh Hóa,Ch?a bi?t,KINH_TE,0
30,0,Khong Biet,VAN_BANG_HAI,V?nh Phúc,Ch?a bi?t,KHOA_HOC_TU_NHIEN,0
30,1,Khong Biet,VAN_BANG_HAI,Nam ??nh,Ch?a bi?t,KHOI_NGANH_CHUA_BIET,0
32,1,Khong Biet,TRUNG_HOC_PHO_THONG,Thanh Hóa,Ch?a bi?t,KHOI_NGANH_THPT,0
30,0,Khong Biet,TRUNG_HOC_PHO_THONG,H?ng Yên,Ch?a bi?t,KHOI_NGANH_THPT,0
32,1,Khong Biet,VAN_BANG_HAI,V?nh Phúc,Ch?a bi?t,KHOA_HOC_TU_NHIEN,0
32,1,Khong Biet,CAO_DANG,H?i Phòng,Ch?a bi?t,KHOA_HOC_TU_NHIEN,0
21,1,Khong Biet,DIPLOMA,H?ng Yên,Ch?a bi?t,KHOI_NGANH_THPT,0
25,0,Khong Biet,TRUNG_HOC_PHO_THONG,Thái Nguyên,Ch?a bi?t,KHOI_NGANH_THPT,0
29,1,Khong Biet,TRUNG_HOC_PHO_THONG,Hà N?i,Ch?a bi?t,KHOI_NGANH_THPT,0
27,1,Khong Biet,TRUNG_HOC_PHO_THONG,Hà N?i,Ch?a bi?t,KHOI_NGANH_THPT,0
27,0,Khong Biet,CAO_DANG,Qu?ng Ninh,Ch?a bi?t,KINH_TE,0
31,0,Khong Biet,TRUNG_HOC_PHO_THONG,Qu?ng Ninh,Ch?a bi?t,KHOI_NGANH_THPT,0
20,1,Khong Biet,TRUNG_HOC_PHO_THONG,Hà N?i,Ch?a bi?t,KHOI_NGANH_THPT,0
34,0,Khong Biet,VAN_BANG_HAI,Hà N?i,Ch?a bi?t,KINH_TE,0
22,0,Khong Biet,DIPLOMA,Hà N?i,Ch?a bi?t,KHOI_NGANH_THPT,0
26,1,Khong Biet,VAN_BANG_HAI,B?c Giang,Ch?a bi?t,KHOA_HOC_TU_NHIEN,0
28,0,Khong Biet,TRUNG_CAP_CUNG_NGANH,Hà Nam,Ch?a bi?t,KINH_TE,0
28,0,Khong Biet,CAO_DANG,Nam ??nh,Ch?a bi?t,KHOA_HOC_TU_NHIEN,0
27,1,Khong Biet,CAO_DANG,Hà Giang,Ch?a bi?t,KINH_TE,0
33,0,Khong Biet,VAN_BANG_HAI,Hà N?i,Ch?a bi?t,KHOA_HOC_TU_NHIEN,0
29,0,Khong Biet,TRUNG_HOC_PHO_THONG,Hà Nam,Ch?a bi?t,KINH_TE,0
29,0,Khong Biet,TRUNG_HOC_PHO_THONG,H?i Phòng,Ch?a bi?t,KHOI_NGANH_THPT,0
31,1,Khong Biet,VAN_BANG_HAI,Hà N?i,Ch?a bi?t,KHOA_HOC_TU_NHIEN,0
33,1,Khong Biet,CAO_DANG,Cao B?ng,Ch?a bi?t,KHOA_HOC_TU_NHIEN,0
31,1,Khong Biet,TRUNG_HOC_PHO_THONG,Hà N?i,N,KHOI_NGANH_THPT,0
27,1,Khong Biet,DIPLOMA,H?i D??ng,Ch?a bi?t,KHOI_NGANH_THPT,0
35,1,Khong Biet,VAN_BANG_HAI,TP.HCM,Ch?a bi?t,KHOA_HOC_TU_NHIEN,0
0,1,Khong Biet,CAO_DANG,??ng Tháp,Ch?a bi?t,KHOA_HOC_TU_NHIEN,0
31,1,Khong Biet,VAN_BANG_HAI,Qu?ng Nam,Ch?a bi?t,KHOA_HOC_TU_NHIEN,0
33,0,Khong Biet,CAO_DANG,Thanh Hóa,Ch?a bi?t,KINH_TE,0
21,0,Khong Biet,TRUNG_HOC_PHO_THONG,??ng Nai,Ch?a bi?t,KHOI_NGANH_THPT,0
28,0,Khong Biet,TRUNG_HOC_PHO_THONG,??ng Nai,Ch?a bi?t,KHOI_NGANH_THPT,0
28,1,Khong Biet,TRUNG_HOC_PHO_THONG,H?i D??ng,Ch?a bi?t,KHOI_NGANH_THPT,0
26,0,Khong Biet,CAO_DANG,Sóc Tr?ng,Ch?a bi?t,KINH_TE,0
36,1,Khong Biet,VAN_BANG_HAI,TP.HCM,Ch?a bi?t,KHOA_HOC_TU_NHIEN,0
27,0,Khong Biet,CAO_DANG,Tây Ninh,Ch?a bi?t,KINH_TE,0
30,1,Khong Biet,VAN_BANG_HAI,??ng Nai,Ch?a bi?t,KHOA_HOC_TU_NHIEN,0
23,1,Khong Biet,VAN_BANG_HAI,Long An,Ch?a bi?t,KHOA_HOC_TU_NHIEN,0
24,1,Khong Biet,TRUNG_HOC_PHO_THONG,TP.HCM,Ch?a bi?t,KHOI_NGANH_THPT,0
34,1,Khong Biet,CAO_DANG,Hà N?i,Ch?a bi?t,KHOA_HOC_TU_NHIEN,0
22,0,Khong Biet,TRUNG_CAP_CUNG_NGANH,Long An,Ch?a bi?t,KINH_TE,0
26,1,Khong Biet,TRUNG_HOC_PHO_THONG,An Giang,Ch?a bi?t,KHOI_NGANH_THPT,0
34,1,Khong Biet,VAN_BANG_HAI,Bình ??nh,Ch?a bi?t,KHOA_HOC_TU_NHIEN,0
28,1,Khong Biet,VAN_BANG_HAI,Th?a Thiên Hu?,Ch?a bi?t,KHOA_HOC_TU_NHIEN,0
26,0,Khong Biet,TRUNG_CAP_CUNG_NGANH,??ng Nai,Ch?a bi?t,KINH_TE,0
29,0,Khong Biet,TRUNG_HOC_PHO_THONG,B?c Giang,Ch?a bi?t,KHOI_NGANH_THPT,0
27,0,Khong Biet,CAO_DANG,Ngh? An,Ch?a bi?t,KINH_TE,0
23,0,Khong Biet,VAN_BANG_HAI,Thanh Hóa,Ch?a bi?t,KHOA_HOC_TU_NHIEN,0
29,0,Khong Biet,CAO_DANG,Nam ??nh,Ch?a bi?t,KINH_TE,0
26,0,Khong Biet,VAN_BANG_HAI,Kiên Giang,Ch?a bi?t,KINH_TE,0
24,0,Khong Biet,TRUNG_CAP_KHAC_NGANH,Daklak,Ch?a bi?t,KINH_TE,0
25,1,Khong Biet,TRUNG_HOC_PHO_THONG,Kon Tum,Ch?a bi?t,KHOI_NGANH_THPT,0
32,0,Khong Biet,TRUNG_CAP_CUNG_NGANH,Khánh Hòa,Ch?a bi?t,KINH_TE,0
32,1,Khong Biet,VAN_BANG_HAI,Qu?ng Nam,Ch?a bi?t,KHOA_HOC_TU_NHIEN,0
28,0,Khong Biet,DIPLOMA,Gia Lai,Ch?a bi?t,KHOA_HOC_TU_NHIEN,0
23,1,Khong Biet,CAO_DANG,Hà T?nh,Ch?a bi?t,KINH_TE,0
27,1,Khong Biet,VAN_BANG_HAI,Cà Mau,Ch?a bi?t,KHOA_HOC_TU_NHIEN,0
26,1,Khong Biet,VAN_BANG_HAI,Qu?ng Ngãi,Ch?a bi?t,KHOA_HOC_TU_NHIEN,0
43,1,Khong Biet,VAN_BANG_HAI,Bình ??nh,Ch?a bi?t,KINH_TE,0
0,0,Khong Biet,TRUNG_HOC_PHO_THONG,Kiên Giang,Ch?a bi?t,KHOI_NGANH_THPT,0
37,1,Khong Biet,VAN_BANG_HAI,TP.HCM,Ch?a bi?t,KHOA_HOC_XA_HOI_NHAN_VAN,0
34,1,Khong Biet,VAN_BANG_HAI,Tây Ninh,N,KINH_TE,0
33,1,Khong Biet,CAO_DANG,Nam ??nh,Ch?a bi?t,KINH_TE,0
43,1,Khong Biet,VAN_BANG_HAI,Thanh Hóa,Ch?a bi?t,KHOA_HOC_TU_NHIEN,0
30,1,Khong Biet,VAN_BANG_HAI,V?nh Long,Ch?a bi?t,KHOA_HOC_TU_NHIEN,0
24,1,Khong Biet,TRUNG_HOC_PHO_THONG,??ng Nai,Ch?a bi?t,KHOI_NGANH_THPT,0
22,1,Khong Biet,TRUNG_HOC_PHO_THONG,Lâm ??ng,Ch?a bi?t,KHOI_NGANH_THPT,0
23,0,Khong Biet,TRUNG_CAP_CUNG_NGANH,Bình Thu?n,Ch?a bi?t,KINH_TE,0
23,1,Khong Biet,CAO_DANG,??ng Nai,Ch?a bi?t,KINH_TE,0
30,1,Khong Biet,VAN_BANG_HAI,TP.HCM,Ch?a bi?t,KHOA_HOC_TU_NHIEN,0
29,0,Khong Biet,TRUNG_HOC_PHO_THONG,Bình ??nh,Ch?a bi?t,KHOI_NGANH_THPT,0
29,0,Khong Biet,VAN_BANG_HAI,Biên Hòa,Ch?a bi?t,KHOA_HOC_TU_NHIEN,0
28,0,Khong Biet,TRUNG_HOC_PHO_THONG,Bình D??ng,Ch?a bi?t,KHOI_NGANH_THPT,0
27,0,Khong Biet,CAO_DANG,B?n Tre,Ch?a bi?t,KINH_TE,0
30,1,Khong Biet,VAN_BANG_HAI,Hu?,Ch?a bi?t,KHOA_HOC_TU_NHIEN,0
26,1,Khong Biet,VAN_BANG_HAI,Bình ??nh,Ch?a bi?t,KHOA_HOC_XA_HOI_NHAN_VAN,0
23,0,TB - Kha,CAO_DANG,??ng Nai,Y,KHOA_HOC_TU_NHIEN,0
24,1,Khong Biet,TRUNG_HOC_PHO_THONG,TP.HCM,Ch?a bi?t,KHOI_NGANH_THPT,0
43,0,Khong Biet,VAN_BANG_HAI,Cà Mau,Ch?a bi?t,KINH_TE,0
24,1,Khong Biet,TRUNG_HOC_PHO_THONG,TP.HCM,Ch?a bi?t,KHOI_NGANH_THPT,0
49,1,Khong Biet,VAN_BANG_HAI,Campodia,Ch?a bi?t,KHOA_HOC_XA_HOI_NHAN_VAN,0
25,1,Khong Biet,CAO_DANG,Long An,Ch?a bi?t,KHOA_HOC_TU_NHIEN,0
30,1,Khong Biet,DIPLOMA,TP.HCM,N,KHOA_HOC_TU_NHIEN,0
26,0,Khong Biet,TRUNG_HOC_PHO_THONG,TP.HCM,Ch?a bi?t,KHOI_NGANH_THPT,0
25,0,Khong Biet,TRUNG_CAP_CUNG_NGANH,H?i Phòng,Ch?a bi?t,KINH_TE,0
23,0,Khong Biet,TRUNG_CAP_CUNG_NGANH,??ng Nai,Ch?a bi?t,KINH_TE,0
46,0,Khong Biet,TRUNG_CAP_CUNG_NGANH,?à N?ng,Ch?a bi?t,KINH_TE,0
39,1,Khong Biet,VAN_BANG_HAI,Kiên Giang,Ch?a bi?t,KHOA_HOC_TU_NHIEN,0
25,0,Khong Biet,CAO_DANG,TP.HCM,Ch?a bi?t,KINH_TE,0
24,0,Khong Biet,TRUNG_HOC_PHO_THONG,Long An,Ch?a bi?t,KHOI_NGANH_THPT,0
20,0,Khong Biet,TRUNG_HOC_PHO_THONG,C?n Th?,Ch?a bi?t,KHOI_NGANH_THPT,0
37,1,Khong Biet,TRUNG_HOC_PHO_THONG,Buôn Ma Thu?t,Ch?a bi?t,KHOI_NGANH_THPT,0
24,1,Khong Biet,VAN_BANG_HAI,B?n Tre,Ch?a bi?t,KINH_TE,0
31,1,Khong Biet,VAN_BANG_HAI,Th?a Thiên Hu?,Ch?a bi?t,KHOA_HOC_TU_NHIEN,0
29,1,Khong Biet,TRUNG_HOC_PHO_THONG,TP.HCM,Ch?a bi?t,KHOI_NGANH_THPT,0
26,1,Khong Biet,TRUNG_HOC_PHO_THONG,V?ng Tàu,Ch?a bi?t,KHOI_NGANH_THPT,0
22,1,Khong Biet,VAN_BANG_HAI,Ti?n Giang,Ch?a bi?t,KINH_TE,0
29,1,Khong Biet,DIPLOMA,Qu?ng nam,Ch?a bi?t,KHOA_HOC_TU_NHIEN,0
32,1,Khong Biet,CAO_DANG,H?ng Yên,Ch?a bi?t,KHOA_HOC_TU_NHIEN,0
25,1,Khong Biet,TRUNG_HOC_PHO_THONG,TP.HCM,Ch?a bi?t,KHOI_NGANH_THPT,0
25,1,Khong Biet,DIPLOMA,TP.HCM,Ch?a bi?t,KHOA_HOC_TU_NHIEN,0
28,1,Khong Biet,VAN_BANG_HAI,Hà Nam,Ch?a bi?t,KHOA_HOC_TU_NHIEN,0
34,1,Khong Biet,VAN_BANG_HAI,Cà Mau,Ch?a bi?t,KINH_TE,0
38,0,Khong Biet,VAN_BANG_HAI,TP.HCM,Ch?a bi?t,KHOA_HOC_TU_NHIEN,0
27,0,Khong Biet,TRUNG_CAP_CUNG_NGANH,Buôn Ma Thu?t,Ch?a bi?t,KINH_TE,0
24,1,Khong Biet,TRUNG_HOC_PHO_THONG,TP.HCM,N,KHOA_HOC_TU_NHIEN,0
22,1,Khong Biet,TRUNG_HOC_PHO_THONG,Hà T?nh,N,KHOA_HOC_TU_NHIEN,0
19,1,Khong Biet,TRUNG_HOC_PHO_THONG,Hà T?nh,N,KHOA_HOC_TU_NHIEN,0
24,1,Khong Biet,TRUNG_HOC_PHO_THONG,Quãng Ngãi,N,KHOA_HOC_TU_NHIEN,0
31,0,Khong Biet,VAN_BANG_HAI,Ninh Thu?n,N,KHOA_HOC_XA_HOI_NHAN_VAN,0
31,1,Khong Biet,VAN_BANG_HAI,?à N?ng,N,KHOA_HOC_TU_NHIEN,0
26,0,Khong Biet,TRUNG_HOC_PHO_THONG,Thái Bình,Y,KINH_TE,0
23,0,Khong Biet,TRUNG_HOC_PHO_THONG,H?i D??ng,Y,KINH_TE,0
25,1,Khong Biet,TRUNG_HOC_PHO_THONG,H?ng Yên,Y,KINH_TE,0
23,0,Khong Biet,TRUNG_HOC_PHO_THONG,Hà N?i,Y,KINH_TE,0
29,0,Khong Biet,TRUNG_HOC_PHO_THONG,Hà N?i,Y,KINH_TE,0
20,0,Khong Biet,TRUNG_HOC_PHO_THONG,H?i Phòng,N,KHOI_NGANH_THPT,0
29,0,Khong Biet,TRUNG_HOC_PHO_THONG,H?i D??ng,N,KHOI_NGANH_THPT,0
24,1,Khong Biet,TRUNG_CAP_CUNG_NGANH,0,N,KHOI_NGANH_CHUA_BIET,0
25,0,Khong Biet,TRUNG_HOC_PHO_THONG,Thanh Hóa,N,KHOA_HOC_TU_NHIEN,0
26,1,Khong Biet,TRUNG_HOC_PHO_THONG,Qu?ng Ninh,N,KHOI_NGANH_CHUA_BIET,0
19,1,Khong Biet,TRUNG_HOC_PHO_THONG,Plaiku,N,KHOI_NGANH_CHUA_BIET,0
23,0,Khong Biet,TRUNG_HOC_PHO_THONG,??ng Nai,Ch?a bi?t,KHOI_NGANH_THPT,0
28,0,Khong Biet,VAN_BANG_HAI,H?ng Yên,Ch?a bi?t,KHOI_NGANH_CHUA_BIET,0
26,1,Khong Biet,TRUNG_CAP_KHAC_NGANH,Qu?ng Ngãi ,Ch?a bi?t,KHOI_NGANH_CHUA_BIET,0
27,0,Khong Biet,CAO_DANG,??ng Nai,Ch?a bi?t,KHOA_HOC_TU_NHIEN,0
27,0,Khong Biet,TRUNG_CAP_CUNG_NGANH,Qu?ng Ngãi ,Ch?a bi?t,KINH_TE,0
29,1,Khong Biet,TRUNG_HOC_PHO_THONG,Hu?,Ch?a bi?t,KHOI_NGANH_THPT,0
23,1,Khong Biet,TRUNG_CAP_KHAC_NGANH,Thái Bình,Ch?a bi?t,KHOA_HOC_TU_NHIEN,0
24,0,TB - Kha,CAO_DANG,Qu?ng Tr?,Y,KHOI_NGANH_CHUA_BIET,0
26,1,Khong Biet,TRUNG_HOC_PHO_THONG,Bình D??ng ,Ch?a bi?t,KHOI_NGANH_THPT,0
23,0,Khong Biet,DIPLOMA,C?n Th?,Ch?a bi?t,KHOI_NGANH_CHUA_BIET,0
24,1,Khong Biet,TRUNG_CAP_KHAC_NGANH,Hà T?nh,N,KHOA_HOC_TU_NHIEN,0
26,1,Khong Biet,VAN_BANG_HAI,?à N?ng,Ch?a bi?t,KHOA_HOC_TU_NHIEN,0
36,0,Khong Biet,CAO_DANG,?à N?ng,N,KINH_TE,0
29,0,Khong Biet,TRUNG_HOC_PHO_THONG,TP. HCM,Ch?a bi?t,KHOI_NGANH_THPT,0
38,0,Khong Biet,VAN_BANG_HAI,TP. HCM,Ch?a bi?t,KHOI_NGANH_CHUA_BIET,0
32,1,Khong Biet,VAN_BANG_HAI,Lâm ??ng,Ch?a bi?t,KHOI_NGANH_CHUA_BIET,0
23,1,Khong Biet,VAN_BANG_HAI,Trà Vinh,Ch?a bi?t,KINH_TE,0
27,0,Khong Biet,VAN_BANG_HAI,TP. HCM,Ch?a bi?t,NGOAI_NGU,0
29,0,Khong Biet,CAO_DANG,Qu?ng Ngãi ,Ch?a bi?t,KHOI_NGANH_CHUA_BIET,0
24,1,Khong Biet,VAN_BANG_HAI,B?c Giang,Ch?a bi?t,KHOA_HOC_TU_NHIEN,0
27,0,Khong Biet,CAO_DANG,Lâm ??ng,Ch?a bi?t,KHOI_NGANH_CHUA_BIET,0
26,1,Khong Biet,TRUNG_HOC_PHO_THONG,Thanh Hóa,Ch?a bi?t,KHOI_NGANH_THPT,0
25,1,Khong Biet,TRUNG_HOC_PHO_THONG,Bình ??nh,Ch?a bi?t,KHOI_NGANH_CHUA_BIET,0
19,1,Khong Biet,TRUNG_HOC_PHO_THONG,Ti?n Giang,Ch?a bi?t,KHOI_NGANH_THPT,0
24,1,Khong Biet,VAN_BANG_HAI,Ti?n Giang,Ch?a bi?t,KHOI_NGANH_CHUA_BIET,0
28,1,Khong Biet,VAN_BANG_HAI,TP. HCM,Ch?a bi?t,NGOAI_NGU,0
24,1,Khong Biet,TRUNG_CAP_KHAC_NGANH,Nam ??nh,Ch?a bi?t,KHOA_HOC_TU_NHIEN,0
29,0,Khong Biet,TRUNG_HOC_PHO_THONG,TP. HCM,Ch?a bi?t,KHOI_NGANH_THPT,0
26,0,Kha,TRUNG_HOC_PHO_THONG,TP. HCM,Y,KHOI_NGANH_THPT,0
44,1,Khong Biet,TRUNG_HOC_PHO_THONG,TP. HCM,Ch?a bi?t,KHOI_NGANH_THPT,0
24,0,Khong Biet,TRUNG_CAP_CUNG_NGANH,V?nh Long,Ch?a bi?t,KINH_TE,0
35,1,Khong Biet,TRUNG_HOC_PHO_THONG,TP. HCM,Ch?a bi?t,KHOI_NGANH_THPT,0
29,1,Khong Biet,TRUNG_HOC_PHO_THONG,H?i D??ng,Ch?a bi?t,KHOI_NGANH_THPT,0
30,1,Khong Biet,CAO_DANG,Qu?ng Tr?,Ch?a bi?t,KHOI_NGANH_CHUA_BIET,0
25,1,Khong Biet,TRUNG_HOC_PHO_THONG,TP. HCM,Ch?a bi?t,KHOI_NGANH_THPT,0
29,0,Khong Biet,TRUNG_HOC_PHO_THONG,H?i D??ng,Ch?a bi?t,KHOI_NGANH_THPT,0
31,1,Khong Biet,TRUNG_HOC_PHO_THONG,??ng Tháp,Ch?a bi?t,KHOI_NGANH_THPT,0
22,0,Khong Biet,CAO_DANG,Long An,Ch?a bi?t,KHOA_HOC_TU_NHIEN,0
28,0,Khong Biet,CAO_DANG,Thanh Hóa,Ch?a bi?t,KHOA_HOC_TU_NHIEN,0
22,1,Khong Biet,TRUNG_HOC_PHO_THONG,Hà T?nh,Ch?a bi?t,KHOI_NGANH_THPT,0
19,1,Khong Biet,TRUNG_HOC_PHO_THONG,Hà T?nh,Ch?a bi?t,KHOI_NGANH_THPT,0
33,1,Khong Biet,VAN_BANG_HAI,TP. HCM,Ch?a bi?t,KHOA_HOC_XA_HOI_NHAN_VAN,0
23,1,Khong Biet,DIPLOMA,Bình D??ng,Ch?a bi?t,KHOA_HOC_TU_NHIEN,0
31,0,Khong Biet,TRUNG_CAP_CUNG_NGANH,Thanh Hóa,Ch?a bi?t,KINH_TE,0
23,0,Khong Biet,TRUNG_CAP_CUNG_NGANH,B?n Tre,Ch?a bi?t,KINH_TE,0
27,1,Khong Biet,TRUNG_HOC_PHO_THONG,Hà Nam,Ch?a bi?t,KHOI_NGANH_THPT,0
26,1,Khong Biet,VAN_BANG_HAI,Thanh Hóa,Ch?a bi?t,KHOA_HOC_TU_NHIEN,0
28,1,Khong Biet,VAN_BANG_HAI,TP. HCM,Ch?a bi?t,KHOA_HOC_TU_NHIEN,0
30,0,Khong Biet,TRUNG_CAP_KHAC_NGANH,H?i Phòng,Ch?a bi?t,KHOA_HOC_TU_NHIEN,0
22,0,Khong Biet,CAO_DANG,TP. HCM,Ch?a bi?t,KHOA_HOC_TU_NHIEN,0
25,0,Khong Biet,CAO_DANG,Bình Ph??c,Ch?a bi?t,KHOI_NGANH_CHUA_BIET,0
31,1,Khong Biet,TRUNG_CAP_KHAC_NGANH,B?n Tre,Ch?a bi?t,KHOI_NGANH_CHUA_BIET,0
27,1,Khong Biet,TRUNG_HOC_PHO_THONG,Phú Yên,Ch?a bi?t,KHOI_NGANH_THPT,0
31,0,Khong Biet,VAN_BANG_HAI,B?n Tre,Ch?a bi?t,KHOI_NGANH_CHUA_BIET,0
32,1,Khong Biet,CAO_DANG,Khánh Hòa,Ch?a bi?t,KHOA_HOC_TU_NHIEN,0
27,1,Khong Biet,CAO_DANG,TP. HCM,Ch?a bi?t,KHOA_HOC_TU_NHIEN,0
24,1,Khong Biet,TRUNG_HOC_PHO_THONG,Qu?ng Ngãi ,Ch?a bi?t,KHOI_NGANH_THPT,0
21,0,Khong Biet,DIPLOMA,V?nh Long,Ch?a bi?t,KHOI_NGANH_CHUA_BIET,0
29,0,Khong Biet,TRUNG_CAP_CUNG_NGANH,Bình Thu?n,Ch?a bi?t,KINH_TE,0
0,1,Khong Biet,TRUNG_HOC_PHO_THONG,An Giang,Ch?a bi?t,KHOI_NGANH_THPT,0
26,1,Khong Biet,CAO_DANG,Bình ??nh,Ch?a bi?t,KINH_TE,0
26,0,Khong Biet,CAO_DANG,B?n Tre,Ch?a bi?t,KHOI_NGANH_CHUA_BIET,0
25,1,Khong Biet,TRUNG_HOC_PHO_THONG,Tây Ninh,Ch?a bi?t,KHOI_NGANH_THPT,0
33,0,Khong Biet,TRUNG_HOC_PHO_THONG,Khánh Hòa,Ch?a bi?t,KHOI_NGANH_THPT,0
24,1,Khong Biet,DIPLOMA,??kL?k,Ch?a bi?t,KHOI_NGANH_THPT,0
27,0,Khong Biet,CAO_DANG,B?c Ninh,N,KINH_TE,0
25,0,Khong Biet,VAN_BANG_HAI,TP. HCM,Ch?a bi?t,KHOA_HOC_TU_NHIEN,0
25,0,Khong Biet,TRUNG_HOC_PHO_THONG,TP. HCM,Ch?a bi?t,KHOI_NGANH_THPT,0
24,1,Khong Biet,VAN_BANG_HAI,TP. HCM,Ch?a bi?t,KHOA_HOC_TU_NHIEN,0
23,1,Khong Biet,DIPLOMA,Bình D??ng,Ch?a bi?t,KHOA_HOC_TU_NHIEN,0
25,1,Khong Biet,TRUNG_HOC_PHO_THONG,??ng Nai,Ch?a bi?t,KHOI_NGANH_THPT,0
32,0,Khong Biet,VAN_BANG_HAI,H?i Phòng,Ch?a bi?t,NGOAI_NGU,0
20,1,Khong Biet,TRUNG_HOC_PHO_THONG,H?u Giang,Ch?a bi?t,KHOI_NGANH_THPT,0
26,1,Khong Biet,CAO_DANG,Tây Ninh,Ch?a bi?t,KINH_TE,0
0,0,Khong Biet,TRUNG_CAP_CUNG_NGANH,??ng Tháp,Ch?a bi?t,KINH_TE,0
22,1,Khong Biet,DIPLOMA,B?n Tre,Ch?a bi?t,KHOA_HOC_TU_NHIEN,0
31,1,Khong Biet,VAN_BANG_HAI,Long An     ,Ch?a bi?t,KINH_TE,0
28,0,Khong Biet,CAO_DANG,?à L?t,Ch?a bi?t,KHOI_NGANH_CHUA_BIET,0
24,1,Khong Biet,CAO_DANG,TP. HCM,Ch?a bi?t,KHOA_HOC_TU_NHIEN,0
31,1,Khong Biet,VAN_BANG_HAI,Long An     ,Ch?a bi?t,KINH_TE,0
37,1,Khong Biet,VAN_BANG_HAI,??ng Nai,Ch?a bi?t,KINH_TE,0
39,0,Khong Biet,TRUNG_HOC_PHO_THONG,??ng Nai,Ch?a bi?t,KHOI_NGANH_THPT,0
31,1,Khong Biet,CAO_DANG,Phú Yên,Ch?a bi?t,KHOA_HOC_TU_NHIEN,0
23,0,Khong Biet,TRUNG_HOC_PHO_THONG,Kiên Giang,Ch?a bi?t,KHOI_NGANH_THPT,0
32,1,Khong Biet,TRUNG_HOC_PHO_THONG,??ng Nai,Ch?a bi?t,KHOI_NGANH_THPT,0
29,0,Khong Biet,TRUNG_CAP_CUNG_NGANH,??ng Nai,Ch?a bi?t,KINH_TE,0
28,1,Khong Biet,VAN_BANG_HAI,Bình Thu?n,Ch?a bi?t,KHOA_HOC_TU_NHIEN,0
19,0,Khong Biet,TRUNG_HOC_PHO_THONG,Tây Ninh,Ch?a bi?t,KHOI_NGANH_THPT,0
30,1,Khong Biet,VAN_BANG_HAI,C?n Th?,Ch?a bi?t,KHOA_HOC_TU_NHIEN,0
24,1,Khong Biet,TRUNG_HOC_PHO_THONG,TP.HCM,Ch?a bi?t,KHOI_NGANH_THPT,0
21,0,Khong Biet,TRUNG_HOC_PHO_THONG,??ng Tháp,Ch?a bi?t,KHOI_NGANH_THPT,0
35,1,Khong Biet,VAN_BANG_HAI,Bình Ph??c,Ch?a bi?t,KHOA_HOC_TU_NHIEN,0
28,0,Khong Biet,VAN_BANG_HAI,TP.HCM,Ch?a bi?t,KHOA_HOC_TU_NHIEN,0
31,0,Khong Biet,VAN_BANG_HAI,Long An,Ch?a bi?t,KHOA_HOC_TU_NHIEN,0
27,0,Khong Biet,CAO_DANG,TP.HCM,Ch?a bi?t,KINH_TE,0
24,0,Khong Biet,CAO_DANG,Buôn Ma Thu?t,Ch?a bi?t,KINH_TE,0
32,1,Khong Biet,TRUNG_HOC_PHO_THONG,??ng Nai,Ch?a bi?t,KHOI_NGANH_THPT,0
24,1,Khong Biet,TRUNG_HOC_PHO_THONG,TP.HCM,Ch?a bi?t,KHOI_NGANH_THPT,0
31,1,Khong Biet,VAN_BANG_HAI,?à N?ng,Ch?a bi?t,KHOA_HOC_TU_NHIEN,0
27,1,Khong Biet,TRUNG_CAP_KHAC_NGANH,TP.HCM,Ch?a bi?t,KHOI_NGANH_THPT,0
35,0,Khong Biet,TRUNG_HOC_PHO_THONG,TP.HCM,Ch?a bi?t,KHOI_NGANH_THPT,0
35,1,Khong Biet,CAO_DANG,Qu?ng Nam,Ch?a bi?t,KINH_TE,0
29,0,Khong Biet,TRUNG_CAP_CUNG_NGANH,TP.HCM,Ch?a bi?t,KINH_TE,0
27,0,Khong Biet,VAN_BANG_HAI,TP.HCM,Ch?a bi?t,KHOA_HOC_TU_NHIEN,0
24,0,Khong Biet,TRUNG_CAP_KHAC_NGANH,B?c Ninh,Ch?a bi?t,KHOA_HOC_TU_NHIEN,0
27,1,Khong Biet,TRUNG_HOC_PHO_THONG,Kiên Giang,Ch?a bi?t,KHOI_NGANH_THPT,0
25,1,Khong Biet,TRUNG_HOC_PHO_THONG,Cà Mau,Ch?a bi?t,KHOI_NGANH_THPT,0
36,1,Khong Biet,CAO_DANG,TP.HCM,Ch?a bi?t,KINH_TE,0
35,1,Khong Biet,TRUNG_HOC_PHO_THONG,Qu?ng Ngãi,Ch?a bi?t,KHOI_NGANH_THPT,0
23,1,Khong Biet,CAO_DANG,TP.HCM,Ch?a bi?t,KHOA_HOC_TU_NHIEN,0
25,1,Khong Biet,DIPLOMA,TP.HCM,Ch?a bi?t,KHOA_HOC_TU_NHIEN,0
24,1,Khong Biet,TRUNG_HOC_PHO_THONG,TP.HCM,Ch?a bi?t,KHOI_NGANH_THPT,0
22,1,Khong Biet,TRUNG_HOC_PHO_THONG,TP.HCM,Ch?a bi?t,KHOI_NGANH_THPT,0
31,1,Khong Biet,TRUNG_HOC_PHO_THONG,B?n Tre,Ch?a bi?t,KHOI_NGANH_THPT,0
22,1,Khong Biet,DIPLOMA,TP.HCM,Ch?a bi?t,KHOA_HOC_TU_NHIEN,0
22,1,Khong Biet,TRUNG_HOC_PHO_THONG,Tây Ninh,Ch?a bi?t,KHOI_NGANH_THPT,0
31,1,Khong Biet,DIPLOMA,KonTum,Ch?a bi?t,KHOA_HOC_TU_NHIEN,0
43,1,Khong Biet,TRUNG_HOC_PHO_THONG,Nam ??nh,Ch?a bi?t,KHOI_NGANH_THPT,0
21,1,Khong Biet,TRUNG_HOC_PHO_THONG,??ng Nai,Ch?a bi?t,KHOI_NGANH_THPT,0
30,1,Khong Biet,TRUNG_HOC_PHO_THONG,Ngh? An,Ch?a bi?t,KHOI_NGANH_THPT,0
31,1,Khong Biet,VAN_BANG_HAI,TP.HCM,Ch?a bi?t,KHOA_HOC_TU_NHIEN,0
0,1,Khong Biet,TRUNG_CAP_CUNG_NGANH,??ng Tháp,Ch?a bi?t,KINH_TE,0
25,1,Khong Biet,CAO_DANG,B?c Liêu,Ch?a bi?t,KHOA_HOC_TU_NHIEN,0
32,1,Khong Biet,TRUNG_HOC_PHO_THONG,Ngh? An,Ch?a bi?t,KHOI_NGANH_THPT,0
24,1,Khong Biet,TRUNG_HOC_PHO_THONG,TP.HCM,Ch?a bi?t,KHOI_NGANH_THPT,0
26,1,Khong Biet,CAO_DANG,Qu?ng Ngãi,Ch?a bi?t,KHOA_HOC_TU_NHIEN,0
24,1,Khong Biet,VAN_BANG_HAI,Hà T?nh,Ch?a bi?t,KINH_TE,0
28,0,Khong Biet,CAO_DANG,H?i Phòng,N,KHOA_HOC_TU_NHIEN,0
26,0,Khong Biet,VAN_BANG_HAI,H?i D??ng,N,NGOAI_NGU,0
28,0,Khong Biet,VAN_BANG_HAI,Qu?ng Ninh,N,KHOA_HOC_TU_NHIEN,0
31,0,Khong Biet,VAN_BANG_HAI,H?i Phòng,N,KHOA_HOC_TU_NHIEN,0
32,1,Khong Biet,VAN_BANG_HAI,H?i D??ng,N,KHOA_HOC_TU_NHIEN,0
33,1,Khong Biet,VAN_BANG_HAI,Nam ??nh,N,KHOA_HOC_TU_NHIEN,0
25,0,Khong Biet,VAN_BANG_HAI,H?i D??ng,N,KHOA_HOC_TU_NHIEN,0
27,0,Khong Biet,VAN_BANG_HAI,H?i D??ng,N,KHOA_HOC_TU_NHIEN,0
22,1,Khong Biet,DIPLOMA,Nam ??nh,Ch?a bi?t,KHOI_NGANH_THPT,0
22,1,Khong Biet,TRUNG_HOC_PHO_THONG,Ninh Bình,Ch?a bi?t,KHOI_NGANH_THPT,0
20,1,Khong Biet,TRUNG_HOC_PHO_THONG,B?c Ninh,Ch?a bi?t,KHOI_NGANH_THPT,0
23,1,Khong Biet,TRUNG_HOC_PHO_THONG,H?i D??ng,Ch?a bi?t,KHOI_NGANH_THPT,0
27,1,Khong Biet,TRUNG_HOC_PHO_THONG,Hà Nam,Ch?a bi?t,KHOI_NGANH_CHUA_BIET,0
24,1,Khong Biet,TRUNG_HOC_PHO_THONG,Qu?ng Ninh,Ch?a bi?t,KHOI_NGANH_THPT,0
23,0,Khong Biet,TRUNG_HOC_PHO_THONG,H?i Phòng,Ch?a bi?t,KHOI_NGANH_THPT,0
22,0,Khong Biet,TRUNG_HOC_PHO_THONG,Hà N?i,Ch?a bi?t,KHOI_NGANH_THPT,0
23,1,Khong Biet,TRUNG_HOC_PHO_THONG,Hà Nam,Ch?a bi?t,KHOI_NGANH_THPT,0
24,0,Khong Biet,TRUNG_CAP_CUNG_NGANH,Lai Châu,Ch?a bi?t,KINH_TE,0
21,1,Khong Biet,TRUNG_HOC_PHO_THONG,Hòa Bình,N,KHOI_NGANH_THPT,0
26,0,Khong Biet,TRUNG_HOC_PHO_THONG,B?c Ninh,N,KHOI_NGANH_THPT,0
28,1,Khong Biet,TRUNG_HOC_PHO_THONG,Hà N?i,Ch?a bi?t,KHOI_NGANH_THPT,0
24,1,Khong Biet,DIPLOMA,Hà N?i,Ch?a bi?t,KHOI_NGANH_CHUA_BIET,0
35,1,Khong Biet,TRUNG_HOC_PHO_THONG,B?n Tre,Ch?a bi?t,KHOI_NGANH_THPT,0
29,0,Khong Biet,VAN_BANG_HAI,Ti?n Giang,N,KHOA_HOC_TU_NHIEN,0
23,0,Khong Biet,CAO_DANG,Sông Bé,Ch?a bi?t,KINH_TE,0
29,0,Khong Biet,VAN_BANG_HAI,TP.HCM,Ch?a bi?t,NGOAI_NGU,0
25,1,TB - Kha,DOI_TUONG_KHONG_BIET,Qu?ng Ninh,N,KINH_TE,0
25,1,Khong Biet,DOI_TUONG_KHONG_BIET,Hà Nôi,Y,KHOI_NGANH_CHUA_BIET,0
20,1,Khong Biet,DOI_TUONG_KHONG_BIET,Ninh Bình,Y,KHOI_NGANH_CHUA_BIET,0
24,1,TB - Kha,DOI_TUONG_KHONG_BIET,H?ng Yên,Y,KHOI_NGANH_CHUA_BIET,0
29,1,TB,CAO_DANG,Tây Ninh,Y,KHOA_HOC_TU_NHIEN,0
25,1,Khong Biet,CAO_DANG,TP.HCM,Y,KHOA_HOC_TU_NHIEN,0
36,1,Khong Biet,VAN_BANG_HAI,B?c Ninh,Ch?a bi?t,KHOA_HOC_TU_NHIEN,0
23,1,Khong Biet,TRUNG_HOC_PHO_THONG,Qu?ng Ngãi,Ch?a bi?t,KHOI_NGANH_THPT,0
23,1,Khong Biet,DIPLOMA,TP.HCM,Ch?a bi?t,KHOA_HOC_TU_NHIEN,0
29,0,Khong Biet,TRUNG_CAP_CUNG_NGANH,Thái Nguyên,Ch?a bi?t,KINH_TE,0
32,1,Khong Biet,VAN_BANG_HAI,TP.HCM,Ch?a bi?t,KHOA_HOC_TU_NHIEN,0
33,0,Khong Biet,TRUNG_HOC_PHO_THONG,TP.HCM,Ch?a bi?t,KHOI_NGANH_THPT,0
20,0,Khong Biet,TRUNG_HOC_PHO_THONG,Phú Th?,Ch?a bi?t,KHOI_NGANH_THPT,0
26,1,Khong Biet,VAN_BANG_HAI,Phú Yên,Ch?a bi?t,NGOAI_NGU,0
40,1,Khong Biet,TRUNG_HOC_PHO_THONG,TP.HCM,Ch?a bi?t,KHOI_NGANH_THPT,0
31,1,Khong Biet,CAO_DANG,Gia Lai,Ch?a bi?t,KHOA_HOC_TU_NHIEN,0
25,1,Khong Biet,DIPLOMA,C?n Th?,Ch?a bi?t,KHOA_HOC_TU_NHIEN,0
49,0,Khong Biet,TRUNG_CAP_CUNG_NGANH,TP.HCM,Ch?a bi?t,KINH_TE,0
27,0,Khong Biet,VAN_BANG_HAI,Thanh Hóa,Ch?a bi?t,KHOA_HOC_TU_NHIEN,0
25,0,Khong Biet,TRUNG_HOC_PHO_THONG,Nam ??nh,Ch?a bi?t,KHOI_NGANH_CHUA_BIET,0
0,0,Khong Biet,CAO_DANG,?akLak,Ch?a bi?t,KINH_TE,0
26,0,Khong Biet,TRUNG_HOC_PHO_THONG,TP.HCM,Ch?a bi?t,KHOI_NGANH_THPT,0
24,1,Khong Biet,VAN_BANG_HAI,TP.HCM,Ch?a bi?t,NGOAI_NGU,0
23,0,Khong Biet,VAN_BANG_HAI,V?ng Tàu,Ch?a bi?t,NGOAI_NGU,0
27,0,Khong Biet,TRUNG_CAP_KHAC_NGANH,Thanh Hóa,Ch?a bi?t,KHOA_HOC_TU_NHIEN,0
32,1,Khong Biet,VAN_BANG_HAI,Qu?ng Ninh,Ch?a bi?t,KINH_TE,0
29,1,Khong Biet,TRUNG_HOC_PHO_THONG,Phú Yên,Ch?a bi?t,KHOI_NGANH_THPT,0
36,0,Khong Biet,VAN_BANG_HAI,Bìên Hòa,Ch?a bi?t,NGOAI_NGU,0
28,0,Khong Biet,VAN_BANG_HAI,Hu?,Ch?a bi?t,KHOA_HOC_TU_NHIEN,0
24,1,Khong Biet,VAN_BANG_HAI,TP.HCM,Ch?a bi?t,KHOA_HOC_TU_NHIEN,0
25,1,Khong Biet,TRUNG_HOC_PHO_THONG,?akLak,Ch?a bi?t,KHOI_NGANH_THPT,0
28,0,Khong Biet,VAN_BANG_HAI,Ti?n Giang,Ch?a bi?t,KINH_TE,0
23,0,Khong Biet,TRUNG_HOC_PHO_THONG,B?n Tre,Ch?a bi?t,KHOI_NGANH_THPT,0
25,1,Khong Biet,CAO_DANG,An Giang,Ch?a bi?t,KINH_TE,0
24,0,Khong Biet,TRUNG_HOC_PHO_THONG,V?ng Tàu,Ch?a bi?t,KHOI_NGANH_THPT,0
28,1,Khong Biet,TRUNG_HOC_PHO_THONG,TP.HCM,Ch?a bi?t,KHOI_NGANH_THPT,0
25,0,TB,TRUNG_CAP_CUNG_NGANH,Ti?n Giang,N,KINH_TE,0
37,0,Khong Biet,VAN_BANG_HAI,TP.HCM,Ch?a bi?t,KHOA_HOC_TU_NHIEN,0
50,0,Khong Biet,TRUNG_CAP_CUNG_NGANH,TP.HCM,Ch?a bi?t,KINH_TE,0
36,1,Khong Biet,VAN_BANG_HAI,Ti?n Giang,Ch?a bi?t,KHOA_HOC_TU_NHIEN,0
35,1,Khong Biet,VAN_BANG_HAI,Thanh Hóa,Ch?a bi?t,KHOA_HOC_TU_NHIEN,0
25,0,Khong Biet,TRUNG_CAP_KHAC_NGANH,Thanh Hóa,Ch?a bi?t,KHOA_HOC_TU_NHIEN,0
27,1,Khong Biet,VAN_BANG_HAI,Thái Bình,Ch?a bi?t,KINH_TE,0
26,0,Khong Biet,TRUNG_CAP_CUNG_NGANH,Thanh Hóa,N,KHOA_HOC_TU_NHIEN,0
25,0,Khong Biet,VAN_BANG_HAI,B?n Tre,Ch?a bi?t,KHOA_HOC_TU_NHIEN,0
42,0,Khong Biet,TRUNG_CAP_CUNG_NGANH,Qu?ng Tr?,Ch?a bi?t,KINH_TE,0
25,1,Khong Biet,VAN_BANG_HAI,Qu?ng Nam,Ch?a bi?t,KHOA_HOC_TU_NHIEN,0
33,0,Khong Biet,TRUNG_HOC_PHO_THONG,Nha Trang,Ch?a bi?t,KHOI_NGANH_THPT,0
30,0,Khong Biet,TRUNG_HOC_PHO_THONG,Ti?n Giang,Ch?a bi?t,KHOI_NGANH_THPT,0
38,0,Khong Biet,VAN_BANG_HAI,Bình D??ng,Ch?a bi?t,NGOAI_NGU,0
22,0,Khong Biet,CAO_DANG,Gia Lai,Ch?a bi?t,KINH_TE,0
0,1,Khong Biet,TRUNG_HOC_PHO_THONG,An Giang,Ch?a bi?t,KHOI_NGANH_THPT,0
29,1,Khong Biet,TRUNG_HOC_PHO_THONG,TP.HCM,Ch?a bi?t,KHOI_NGANH_THPT,0
28,0,Khong Biet,CAO_DANG,Ninh Thu?n,Ch?a bi?t,KHOI_NGANH_CHUA_BIET,0
24,1,Khong Biet,DIPLOMA,Thái Bình,Ch?a bi?t,KHOA_HOC_TU_NHIEN,0
31,1,Khong Biet,CAO_DANG,Cà Mau,Ch?a bi?t,KHOA_HOC_TU_NHIEN,0
28,1,Khong Biet,VAN_BANG_HAI,Qu?ng Nam,Ch?a bi?t,KHOA_HOC_TU_NHIEN,0
29,1,Khong Biet,CAO_DANG,Bình Thu?n,Ch?a bi?t,KHOA_HOC_TU_NHIEN,0
26,0,Khong Biet,VAN_BANG_HAI,Kiên Giang,Ch?a bi?t,KHOA_HOC_TU_NHIEN,0
27,1,Khong Biet,TRUNG_HOC_PHO_THONG,TP.HCM,Ch?a bi?t,KHOI_NGANH_THPT,0
30,1,Khong Biet,CAO_DANG,Ngh? An,Ch?a bi?t,KHOA_HOC_XA_HOI_NHAN_VAN,0
39,1,Khong Biet,TRUNG_CAP_CUNG_NGANH,Qu?ng Bình,Ch?a bi?t,KINH_TE,0
23,1,Khong Biet,CAO_DANG,Bình Thu?n,Ch?a bi?t,KHOI_NGANH_CHUA_BIET,0
26,1,Khong Biet,VAN_BANG_HAI,Qu?ng Ngãi,Ch?a bi?t,KHOI_NGANH_CHUA_BIET,0
27,1,Khong Biet,TRUNG_CAP_CUNG_NGANH,TP.HCM,Ch?a bi?t,KINH_TE,0
25,1,Khong Biet,TRUNG_HOC_PHO_THONG,Bình ??nh,Ch?a bi?t,KHOI_NGANH_THPT,0
21,0,Khong Biet,TRUNG_CAP_CUNG_NGANH,Phú Th?,Ch?a bi?t,KINH_TE,0
23,0,Khong Biet,TRUNG_CAP_CUNG_NGANH,Thanh Hóa,Ch?a bi?t,KINH_TE,0
30,1,Khong Biet,TRUNG_HOC_PHO_THONG,Ninh Thu?n,Ch?a bi?t,KHOI_NGANH_THPT,0
30,1,Khong Biet,VAN_BANG_HAI,Ngh? An,Ch?a bi?t,KHOA_HOC_XA_HOI_NHAN_VAN,0
22,1,Khong Biet,TRUNG_HOC_PHO_THONG,V?nh Long,Ch?a bi?t,KHOI_NGANH_THPT,0
23,1,Khong Biet,VAN_BANG_HAI,C?n Th?,Ch?a bi?t,KHOA_HOC_TU_NHIEN,0
28,1,Khong Biet,TRUNG_HOC_PHO_THONG,??ng Tháp,Ch?a bi?t,KHOI_NGANH_THPT,0
23,1,TB,TRUNG_HOC_PHO_THONG,Bình ??nh,N,KHOI_NGANH_CHUA_BIET,0
23,1,TB,TRUNG_HOC_PHO_THONG,TP.HCM,N,KHOI_NGANH_THPT,0
29,1,Khong Biet,DIPLOMA,TP.HCM,Ch?a bi?t,KHOI_NGANH_CHUA_BIET,0
21,1,TB,DIPLOMA,??ng Tháp,N,KHOI_NGANH_CHUA_BIET,0
23,1,Khong Biet,DIPLOMA,Hà N?i,Ch?a bi?t,KHOI_NGANH_THPT,0
111,1,Khong Biet,DIPLOMA,Ninh Bình,Ch?a bi?t,KHOI_NGANH_THPT,0
28,0,Khong Biet,TRUNG_CAP_CUNG_NGANH,Hà Giang,N,KINH_TE,0
28,1,Khong Biet,TRUNG_CAP_CUNG_NGANH,Thanh Hóa,Ch?a bi?t,KINH_TE,0
42,0,Khong Biet,TRUNG_CAP_CUNG_NGANH,V?nh Phúc,Ch?a bi?t,KINH_TE,0
26,0,Khong Biet,TRUNG_CAP_CUNG_NGANH,Thái Bình,Ch?a bi?t,KINH_TE,0
33,1,Khong Biet,TRUNG_CAP_CUNG_NGANH,Hòa Bình,Ch?a bi?t,KHOI_NGANH_THPT,0
23,0,Khong Biet,TRUNG_CAP_CUNG_NGANH,Hà N?i,Ch?a bi?t,KINH_TE,0
30,0,Khong Biet,TRUNG_CAP_CUNG_NGANH,B?c Ninh,Ch?a bi?t,KINH_TE,0
27,0,Khong Biet,TRUNG_CAP_CUNG_NGANH,Hà N?i,Ch?a bi?t,KINH_TE,0
25,0,Khong Biet,TRUNG_CAP_CUNG_NGANH,Ngh? An,N,KHOI_NGANH_CHUA_BIET,0
28,0,Khong Biet,TRUNG_CAP_CUNG_NGANH,Lào Cai,N,KINH_TE,0
30,1,Khong Biet,TRUNG_HOC_PHO_THONG,Nam ??nh,Ch?a bi?t,KHOI_NGANH_THPT,0
28,1,Khong Biet,TRUNG_HOC_PHO_THONG,Thái Bình,Ch?a bi?t,KHOI_NGANH_THPT,0
36,1,Khong Biet,TRUNG_HOC_PHO_THONG,B?c Ninh,Ch?a bi?t,KHOI_NGANH_THPT,0
43,1,Khong Biet,TRUNG_HOC_PHO_THONG,H?ng Yên,N,KHOI_NGANH_THPT,0
24,0,Khong Biet,TRUNG_HOC_PHO_THONG,Ngh? An,Ch?a bi?t,KHOI_NGANH_THPT,0
21,0,Khong Biet,TRUNG_HOC_PHO_THONG,Thanh Hóa,Ch?a bi?t,KHOI_NGANH_THPT,0
21,0,Khong Biet,TRUNG_HOC_PHO_THONG,Hà N?i,Ch?a bi?t,KHOI_NGANH_THPT,0
28,1,Khong Biet,TRUNG_HOC_PHO_THONG,Hà N?i,Ch?a bi?t,KHOI_NGANH_THPT,0
27,1,Khong Biet,TRUNG_HOC_PHO_THONG,Hà N?i,Ch?a bi?t,KHOI_NGANH_THPT,0
24,1,Khong Biet,TRUNG_HOC_PHO_THONG,B?c Ninh,Ch?a bi?t,KHOI_NGANH_THPT,0
27,1,Khong Biet,TRUNG_HOC_PHO_THONG,Hà N?i,Ch?a bi?t,KHOI_NGANH_THPT,0
26,1,Khong Biet,TRUNG_HOC_PHO_THONG,Hà Giang,Ch?a bi?t,KHOI_NGANH_THPT,0
27,1,Khong Biet,TRUNG_HOC_PHO_THONG,Hà ?ông- Hà N?i,Ch?a bi?t,KHOI_NGANH_THPT,0
24,1,Khong Biet,TRUNG_HOC_PHO_THONG,H?i Phòng,N,KHOI_NGANH_THPT,0
25,1,Khong Biet,TRUNG_HOC_PHO_THONG,Hà N?i,Ch?a bi?t,KHOI_NGANH_THPT,0
31,1,Khong Biet,TRUNG_HOC_PHO_THONG,V?nh Phúc,Ch?a bi?t,KHOI_NGANH_THPT,0
32,1,Khong Biet,TRUNG_HOC_PHO_THONG,Hà Nam,Ch?a bi?t,KHOI_NGANH_THPT,0
20,1,Khong Biet,TRUNG_HOC_PHO_THONG,Thanh Hóa,Ch?a bi?t,KHOI_NGANH_THPT,0
26,1,Khong Biet,DIPLOMA,H?i D??ng,Ch?a bi?t,KHOA_HOC_TU_NHIEN,0
24,0,Khong Biet,TRUNG_CAP_CUNG_NGANH,Hà N?i,Ch?a bi?t,KINH_TE,0
23,0,Khong Biet,TRUNG_CAP_CUNG_NGANH,H?i D??ng,Ch?a bi?t,KINH_TE,0
27,0,Khong Biet,TRUNG_CAP_CUNG_NGANH,Ninh Bình,Ch?a bi?t,KINH_TE,0
28,1,Khong Biet,TRUNG_CAP_CUNG_NGANH,B?c Ninh,Ch?a bi?t,KINH_TE,0
24,0,Khong Biet,TRUNG_CAP,Ngh? An,Ch?a bi?t,KINH_TE,0
26,0,Khong Biet,TRUNG_CAP,Thanh Hóa,Ch?a bi?t,KINH_TE,0
26,1,Khong Biet,TRUNG_CAP,Hà N?i,Ch?a bi?t,KINH_TE,0
29,0,Khong Biet,TRUNG_CAP,Ngh? An,Ch?a bi?t,KINH_TE,0
26,1,Khong Biet,TRUNG_HOC_PHO_THONG,Yên Bái,Ch?a bi?t,KHOI_NGANH_THPT,0
38,1,Khong Biet,TRUNG_HOC_PHO_THONG,Hà N?i,Ch?a bi?t,KHOI_NGANH_THPT,0
26,1,Khong Biet,TRUNG_HOC_PHO_THONG,Thanh Hóa,Ch?a bi?t,KHOI_NGANH_THPT,0
30,1,Khong Biet,TRUNG_HOC_PHO_THONG,Hà N?i,Ch?a bi?t,KHOI_NGANH_THPT,0
48,1,Khong Biet,TRUNG_HOC_PHO_THONG,H?i D??ng,Ch?a bi?t,KHOI_NGANH_THPT,0
21,1,Khong Biet,TRUNG_HOC_PHO_THONG,B?c Ninh,Ch?a bi?t,KHOI_NGANH_THPT,0
29,1,Khong Biet,TRUNG_HOC_PHO_THONG,Nam ??nh,Ch?a bi?t,KHOI_NGANH_THPT,0
22,1,Khong Biet,TRUNG_HOC_PHO_THONG,Thái Bình,Ch?a bi?t,KHOI_NGANH_THPT,0
21,1,Khong Biet,TRUNG_HOC_PHO_THONG,0,Ch?a bi?t,KHOI_NGANH_THPT,0
24,1,Khong Biet,TRUNG_HOC_PHO_THONG,Phú Th?,Ch?a bi?t,KHOI_NGANH_THPT,0
29,1,Khong Biet,TRUNG_HOC_PHO_THONG,Hà N?i,N,KHOI_NGANH_THPT,0
25,0,Khong Biet,TRUNG_HOC_PHO_THONG,Thái Bình,N,KHOI_NGANH_THPT,0
26,1,Khong Biet,TRUNG_HOC_PHO_THONG,H?i D??ng,N,KHOI_NGANH_THPT,0
29,1,Khong Biet,TRUNG_HOC_PHO_THONG,Hà N?i,Y,KHOI_NGANH_THPT,0
24,0,Khong Biet,TRUNG_HOC_PHO_THONG,H?i Phòng,Y,KHOI_NGANH_CHUA_BIET,0
29,0,Khong Biet,TRUNG_CAP_CUNG_NGANH,Hà T?nh,N,KINH_TE,0
26,0,Khong Biet,TRUNG_CAP_CUNG_NGANH,Qu?ng Ninh,N,KINH_TE,0
19,1,Khong Biet,DIPLOMA,Hà N?i,Y,KHOI_NGANH_THPT,0
21,1,Khong Biet,DIPLOMA,H?i Phòng,Y,KHOI_NGANH_THPT,0
21,1,Khong Biet,DIPLOMA,Hà N?i,Y,KHOI_NGANH_THPT,0
27,1,Khong Biet,TRUNG_HOC_PHO_THONG,Hà N?i,N,KHOI_NGANH_THPT,0
23,0,Khong Biet,TRUNG_CAP_CUNG_NGANH,Lào Cai,N,KINH_TE,0
19,1,Khong Biet,TRUNG_HOC_PHO_THONG,Hà N?i,N,KHOI_NGANH_THPT,0
20,0,Khong Biet,TRUNG_HOC_PHO_THONG,Hà N?i,N,KHOI_NGANH_THPT,0
27,1,Khong Biet,TRUNG_CAP_CUNG_NGANH,0,N,KHOA_HOC_TU_NHIEN,0
20,1,Khong Biet,TRUNG_HOC_PHO_THONG,Phú Th?,Y,KHOI_NGANH_THPT,0
29,1,Khong Biet,TRUNG_HOC_PHO_THONG,Hà N?i,N,KHOI_NGANH_THPT,0
21,1,Khong Biet,TRUNG_HOC_PHO_THONG,Hà N?i,N,KHOI_NGANH_THPT,0
20,1,Khong Biet,TRUNG_HOC_PHO_THONG,Nam ??nh,N,KHOI_NGANH_THPT,0
22,1,Khong Biet,TRUNG_HOC_PHO_THONG,Nam ??nh,N,KHOI_NGANH_THPT,0
36,1,Khong Biet,TRUNG_HOC_PHO_THONG,H?i Phòng,N,KHOI_NGANH_THPT,0
25,0,Khong Biet,TRUNG_CAP_CUNG_NGANH,Hà N?i,N,KINH_TE,0
24,0,Khong Biet,TRUNG_CAP_CUNG_NGANH,Ngh? An,N,KINH_TE,0
30,1,Khong Biet,TRUNG_HOC_PHO_THONG,Hà N?i,Ch?a bi?t,KHOI_NGANH_THPT,0
24,0,Khong Biet,TRUNG_HOC_PHO_THONG,H?ng Yên,Ch?a bi?t,KHOI_NGANH_THPT,0
26,1,Khong Biet,TRUNG_HOC_PHO_THONG,H?i D??ng,Ch?a bi?t,KHOI_NGANH_THPT,0
22,0,Khong Biet,TRUNG_HOC_PHO_THONG,Qu?ng Ninh,Ch?a bi?t,KHOI_NGANH_THPT,0
24,0,Khong Biet,TRUNG_CAP_CUNG_NGANH,Tuyên Quang,Ch?a bi?t,KINH_TE,0
25,1,Khong Biet,TRUNG_HOC_PHO_THONG,Phú Th?,Ch?a bi?t,KHOI_NGANH_THPT,0
26,1,Khong Biet,TRUNG_HOC_PHO_THONG,Thanh Hóa,Ch?a bi?t,KHOI_NGANH_THPT,0
29,0,Khong Biet,VAN_BANG_HAI,Thái Bình,N,KINH_TE,0
51,1,Khong Biet,VAN_BANG_HAI,??ng Nai,Ch?a bi?t,KHOA_HOC_TU_NHIEN,0
23,1,Khong Biet,TRUNG_HOC_PHO_THONG,Bình Ph??c,Ch?a bi?t,KHOI_NGANH_THPT,0
27,1,Khong Biet,VAN_BANG_HAI,Hà T?nh,Ch?a bi?t,KHOA_HOC_XA_HOI_NHAN_VAN,0
27,0,Khong Biet,VAN_BANG_HAI,Khánh Hòa,Ch?a bi?t,KHOA_HOC_TU_NHIEN,0
23,0,Khong Biet,TRUNG_CAP_CUNG_NGANH,Bình Thu?n,Ch?a bi?t,KINH_TE,0
25,0,Khong Biet,VAN_BANG_HAI,B?c Ninh,Ch?a bi?t,KHOA_HOC_TU_NHIEN,0
0,0,Khong Biet,TRUNG_CAP_CUNG_NGANH,Lâm ??ng,Ch?a bi?t,KINH_TE,0
28,1,Khong Biet,VAN_BANG_HAI,Tây Ninh,Ch?a bi?t,KINH_TE,0
43,1,Khong Biet,VAN_BANG_HAI,B?n Tre,Ch?a bi?t,NGOAI_NGU,0
26,1,Khong Biet,VAN_BANG_HAI,Bình ??nh,Ch?a bi?t,KINH_TE,0
22,1,Khong Biet,CAO_DANG,Tây Ninh,Ch?a bi?t,KINH_TE,0
28,1,Khong Biet,TRUNG_HOC_PHO_THONG,TP.HCM,Ch?a bi?t,KHOA_HOC_TU_NHIEN,0
25,0,Khong Biet,CAO_DANG,L?ng S?n,Ch?a bi?t,KINH_TE,0
53,0,Khong Biet,VAN_BANG_HAI,??ng Nai,Ch?a bi?t,NGOAI_NGU,0
22,0,Khong Biet,TRUNG_CAP_CUNG_NGANH,Bình D??ng,Ch?a bi?t,KINH_TE,0
23,1,Khong Biet,CAO_DANG,Thanh Hóa,Ch?a bi?t,KHOA_HOC_TU_NHIEN,0
27,1,Khong Biet,VAN_BANG_HAI,Bình Thu?n,Ch?a bi?t,KHOA_HOC_XA_HOI_NHAN_VAN,0
21,1,Khong Biet,DIPLOMA,TP.HCM,Ch?a bi?t,KHOA_HOC_TU_NHIEN,0
25,0,Khong Biet,VAN_BANG_HAI,V?nh Long,Ch?a bi?t,KHOI_NGANH_CHUA_BIET,0
24,0,Khong Biet,TRUNG_HOC_PHO_THONG,TP.HCM,Ch?a bi?t,KHOI_NGANH_THPT,0
28,0,Khong Biet,TRUNG_CAP_CUNG_NGANH,??ng Nai,Ch?a bi?t,KINH_TE,0
24,0,Khong Biet,CAO_DANG,??ng Nai,Ch?a bi?t,KINH_TE,0
31,0,Khong Biet,VAN_BANG_HAI,Hà T?nh,Ch?a bi?t,KHOA_HOC_TU_NHIEN,0
35,1,Khong Biet,VAN_BANG_HAI,??ng Nai,Ch?a bi?t,KHOA_HOC_TU_NHIEN,0
25,0,Khong Biet,VAN_BANG_HAI,Qu?ng Ninh,Ch?a bi?t,KHOA_HOC_TU_NHIEN,0
25,0,Khong Biet,VAN_BANG_HAI,Qu?ng Nam,Ch?a bi?t,KHOI_NGANH_CHUA_BIET,0
25,1,Khong Biet,VAN_BANG_HAI,Bình ??nh,Ch?a bi?t,KHOI_NGANH_CHUA_BIET,0
22,1,Khong Biet,CAO_DANG,V?ng Tàu,Ch?a bi?t,KHOA_HOC_TU_NHIEN,0
32,1,Khong Biet,TRUNG_HOC_PHO_THONG,Long An,Ch?a bi?t,KHOI_NGANH_THPT,0
25,0,Khong Biet,VAN_BANG_HAI,B?n Tre,Ch?a bi?t,KHOA_HOC_TU_NHIEN,0
24,0,Khong Biet,CAO_DANG,TP.HCM,Ch?a bi?t,KINH_TE,0
22,0,Khong Biet,CAO_DANG,TP.HCM,Ch?a bi?t,NGOAI_NGU,0
28,0,Khong Biet,CAO_DANG,Yên Bái,Ch?a bi?t,KHOA_HOC_TU_NHIEN,0
21,1,Khong Biet,CAO_DANG,Bà R?a - V?ng Tàu,N,KHOA_HOC_TU_NHIEN,0
41,1,Khong Biet,VAN_BANG_HAI,Bình ??nh,Ch?a bi?t,KHOA_HOC_TU_NHIEN,0
26,0,Khong Biet,VAN_BANG_HAI,TP.HCM,Ch?a bi?t,KINH_TE,0
22,0,Khong Biet,CAO_DANG,??ng Nai,N,KHOA_HOC_XA_HOI_NHAN_VAN,0
24,1,Khong Biet,TRUNG_HOC_PHO_THONG,H?i D??ng,Ch?a bi?t,KHOA_HOC_TU_NHIEN,0
32,1,Khong Biet,DIPLOMA,Ngh? An,Ch?a bi?t,KHOA_HOC_TU_NHIEN,0
25,1,Khong Biet,VAN_BANG_HAI,Sóc Tr?ng,Ch?a bi?t,KHOI_NGANH_CHUA_BIET,0
25,0,Khong Biet,TRUNG_CAP_CUNG_NGANH,Qu?ng Ngãi,Ch?a bi?t,KINH_TE,0
28,1,Khong Biet,TRUNG_HOC_PHO_THONG,Th?a Thiên Hu?,Ch?a bi?t,KHOI_NGANH_THPT,0
31,1,Khong Biet,VAN_BANG_HAI,Thái Bình,N,KHOA_HOC_TU_NHIEN,0
29,0,Khong Biet,VAN_BANG_HAI,Tây Ninh,Ch?a bi?t,NGOAI_NGU,0
31,1,Khong Biet,VAN_BANG_HAI,H?u Giang,Ch?a bi?t,KHOI_NGANH_CHUA_BIET,0
36,1,Khong Biet,CAO_DANG,H?i Phòng,Ch?a bi?t,KHOA_HOC_TU_NHIEN,0
30,0,Khong Biet,VAN_BANG_HAI,H?i Phòng,Ch?a bi?t,KINH_TE,0
50,1,Khong Biet,VAN_BANG_HAI,Hòa Bình,Ch?a bi?t,KHOA_HOC_TU_NHIEN,0
28,0,Khong Biet,CAO_DANG,H?i D??ng,Ch?a bi?t,KHOA_HOC_TU_NHIEN,0
32,0,Khong Biet,VAN_BANG_HAI,Nam ??nh,Ch?a bi?t,KHOA_HOC_TU_NHIEN,0
29,0,Khong Biet,CAO_DANG,H?i Phòng,Ch?a bi?t,KINH_TE,0
22,1,Khong Biet,VAN_BANG_HAI,H?i Phòng,Ch?a bi?t,KHOA_HOC_TU_NHIEN,0
24,0,Khong Biet,VAN_BANG_HAI,Long An,Ch?a bi?t,KHOA_HOC_TU_NHIEN,0
28,0,Khong Biet,TRUNG_CAP_CUNG_NGANH,Qu?ng Nam,Ch?a bi?t,KHOA_HOC_TU_NHIEN,0
22,1,TB,TRUNG_HOC_PHO_THONG,Long An,N,KHOI_NGANH_THPT,0
30,1,Khong Biet,VAN_BANG_HAI,Cà Mau,Ch?a bi?t,NGOAI_NGU,0
19,1,Khong Biet,TRUNG_HOC_PHO_THONG,Khánh Hòa,Ch?a bi?t,KHOI_NGANH_THPT,0
23,1,Khong Biet,TRUNG_HOC_PHO_THONG,H?u Giang,Ch?a bi?t,KHOI_NGANH_THPT,0
21,1,Khong Biet,DIPLOMA,TP.HCM,Ch?a bi?t,KHOA_HOC_TU_NHIEN,0
24,0,Khong Biet,VAN_BANG_HAI,TP.HCM,Ch?a bi?t,KHOA_HOC_TU_NHIEN,0
29,1,Khong Biet,VAN_BANG_HAI,Khánh Hòa,Ch?a bi?t,KHOA_HOC_TU_NHIEN,0
24,1,Khong Biet,CAO_DANG,Phú Th?,Ch?a bi?t,KINH_TE,0
30,1,Khong Biet,TRUNG_HOC_PHO_THONG,Hà N?i,Ch?a bi?t,KHOI_NGANH_THPT,0
29,1,TB - Kha,CAO_DANG,Ngh? An,N,KINH_TE,0
19,0,Khong Biet,TRUNG_HOC_PHO_THONG,??ng Nai,Ch?a bi?t,KHOI_NGANH_THPT,0
24,1,Khong Biet,VAN_BANG_HAI,??ng Nai,Ch?a bi?t,KHOA_HOC_TU_NHIEN,0
25,1,Khong Biet,DIPLOMA,TP.HCM,Ch?a bi?t,KHOA_HOC_TU_NHIEN,0
29,0,Khong Biet,TRUNG_CAP_KHAC_NGANH,Yên Bái,Ch?a bi?t,KINH_TE,0
32,0,Khong Biet,TRUNG_HOC_PHO_THONG,TP.HCM,Ch?a bi?t,KHOI_NGANH_THPT,0
37,1,Khong Biet,TRUNG_HOC_PHO_THONG,??k L?k,Ch?a bi?t,KHOI_NGANH_THPT,0
28,1,Khong Biet,TRUNG_HOC_PHO_THONG,Ninh Thu?n,Ch?a bi?t,KHOI_NGANH_THPT,0
28,0,Khong Biet,TRUNG_CAP_KHAC_NGANH,TP.HCM,Ch?a bi?t,KHOA_HOC_XA_HOI_NHAN_VAN,0
28,0,Khong Biet,CAO_DANG,TP.HCM,Ch?a bi?t,NGOAI_NGU,0
29,0,Khong Biet,CAO_DANG,Thanh Hóa,Ch?a bi?t,KHOI_NGANH_CHUA_BIET,0
23,1,Khong Biet,DIPLOMA,TP.HCM,Ch?a bi?t,KHOA_HOC_TU_NHIEN,0
26,1,Khong Biet,VAN_BANG_HAI,Khánh Hòa,Ch?a bi?t,KHOI_NGANH_CHUA_BIET,0
30,1,Khong Biet,TRUNG_HOC_PHO_THONG,Hà T?nh,Ch?a bi?t,KHOI_NGANH_THPT,0
32,0,Khong Biet,CAO_DANG,TP.HCM,Ch?a bi?t,KHOA_HOC_TU_NHIEN,0
21,1,Khong Biet,TRUNG_HOC_PHO_THONG,Kiên Giang,Ch?a bi?t,KHOI_NGANH_THPT,0
29,1,Khong Biet,TRUNG_HOC_PHO_THONG,Qu?ng Ngãi,Ch?a bi?t,KHOI_NGANH_THPT,0
31,1,Khong Biet,VAN_BANG_HAI,Ti?n Giang,Ch?a bi?t,KHOA_HOC_TU_NHIEN,0
22,0,Khong Biet,TRUNG_HOC_PHO_THONG,V?ng Tàu,Ch?a bi?t,KHOI_NGANH_THPT,0
23,1,Khong Biet,TRUNG_CAP_KHAC_NGANH,TP.HCM,Ch?a bi?t,KHOA_HOC_TU_NHIEN,0
25,0,Khong Biet,VAN_BANG_HAI,H?i Phòng,Ch?a bi?t,KHOA_HOC_TU_NHIEN,0
31,1,Khong Biet,VAN_BANG_HAI,Thái Bình,Ch?a bi?t,KHOA_HOC_TU_NHIEN,0
26,1,Khong Biet,VAN_BANG_HAI,Lâm ??ng,Ch?a bi?t,KHOA_HOC_TU_NHIEN,0
25,1,Khong Biet,CAO_DANG,Lâm ??ng,Ch?a bi?t,KHOA_HOC_TU_NHIEN,0
38,1,Khong Biet,TRUNG_HOC_PHO_THONG,H?i Phòng,Ch?a bi?t,KHOI_NGANH_THPT,0
29,1,Khong Biet,VAN_BANG_HAI,TP.HCM,Ch?a bi?t,KHOA_HOC_TU_NHIEN,0
32,0,Khong Biet,VAN_BANG_HAI,An Giang,Ch?a bi?t,KHOA_HOC_TU_NHIEN,0
25,0,Khong Biet,VAN_BANG_HAI,Khánh Hòa,Ch?a bi?t,NGOAI_NGU,0
32,1,Khong Biet,VAN_BANG_HAI,??ng Nai,Ch?a bi?t,KHOA_HOC_TU_NHIEN,0
22,0,Khong Biet,CAO_DANG,V?ng Tàu,Ch?a bi?t,KINH_TE,0
35,1,Khong Biet,CAO_DANG,Thái Bình,Ch?a bi?t,KINH_TE,0
29,0,Khong Biet,CAO_DANG,C?n Th?,Ch?a bi?t,KHOA_HOC_TU_NHIEN,0
30,1,Khong Biet,VAN_BANG_HAI,Hà T?nh,Ch?a bi?t,KHOA_HOC_TU_NHIEN,0
27,0,Khong Biet,VAN_BANG_HAI,TP.HCM,Ch?a bi?t,KHOA_HOC_TU_NHIEN,0
37,0,Khong Biet,TRUNG_CAP_CUNG_NGANH,?à N?ng,Ch?a bi?t,KINH_TE,0
24,1,Khong Biet,TRUNG_CAP_CUNG_NGANH,0,Ch?a bi?t,KHOI_NGANH_CHUA_BIET,0
29,1,Khong Biet,VAN_BANG_HAI,??ng Nai,Ch?a bi?t,KHOA_HOC_TU_NHIEN,0
26,1,Khong Biet,VAN_BANG_HAI,V?ng Tàu,Ch?a bi?t,KHOA_HOC_TU_NHIEN,0
25,1,Khong Biet,TRUNG_HOC_PHO_THONG,TP.HCM,Ch?a bi?t,KHOI_NGANH_THPT,0
21,0,Khong Biet,TRUNG_CAP_KHAC_NGANH,Ti?n Giang,Ch?a bi?t,KINH_TE,0
25,0,Khong Biet,CAO_DANG,?à N?ng,Ch?a bi?t,KINH_TE,0
20,1,Khong Biet,DIPLOMA,Nha Trang,Ch?a bi?t,KHOA_HOC_TU_NHIEN,0
31,1,Khong Biet,VAN_BANG_HAI,Ngh? An,Ch?a bi?t,NGOAI_NGU,0
22,1,Khong Biet,DIPLOMA,Kiên Giang,Ch?a bi?t,KHOA_HOC_TU_NHIEN,0
27,1,Khong Biet,VAN_BANG_HAI,C?n Th?,Ch?a bi?t,KHOA_HOC_TU_NHIEN,0
28,0,Khong Biet,TRUNG_CAP_CUNG_NGANH,Ngh? An,N,KINH_TE,0
26,0,Khong Biet,VAN_BANG_HAI,KoTum,Ch?a bi?t,NGOAI_NGU,0
25,0,Khong Biet,TRUNG_CAP_CUNG_NGANH,V?ng Tàu,Ch?a bi?t,KINH_TE,0
32,0,Khong Biet,CAO_DANG,??ng Nai,Ch?a bi?t,KHOI_NGANH_CHUA_BIET,0
28,1,Khong Biet,TRUNG_CAP_KHAC_NGANH,Trà Vinh,Ch?a bi?t,KINH_TE,0
23,0,Khong Biet,VAN_BANG_HAI,Hà Nam,Ch?a bi?t,KHOA_HOC_TU_NHIEN,0
22,0,Khong Biet,CAO_DANG,??ng Nai,Ch?a bi?t,KHOA_HOC_TU_NHIEN,0
26,1,Khong Biet,TRUNG_HOC_PHO_THONG,Ngh? An,Ch?a bi?t,NGOAI_NGU,0
27,1,Khong Biet,VAN_BANG_HAI,Bình Thu?n,Ch?a bi?t,KHOA_HOC_TU_NHIEN,0
28,0,Khong Biet,TRUNG_HOC_PHO_THONG,Buôn Ma Thu?t,Ch?a bi?t,KHOI_NGANH_THPT,0
26,0,Khong Biet,VAN_BANG_HAI,Ngh? An,Ch?a bi?t,KHOA_HOC_TU_NHIEN,0
27,0,Khong Biet,TRUNG_CAP_CUNG_NGANH,Sóc Tr?ng,Ch?a bi?t,KINH_TE,0
24,1,Khong Biet,VAN_BANG_HAI,TP.HCM,Ch?a bi?t,KHOA_HOC_TU_NHIEN,0
25,1,Khong Biet,VAN_BANG_HAI,H?i Phòng,Ch?a bi?t,KHOI_NGANH_CHUA_BIET,0
26,0,Khong Biet,VAN_BANG_HAI,Bình D??ng,Ch?a bi?t,NGOAI_NGU,0
36,0,Khong Biet,VAN_BANG_HAI,Hà N?i,Ch?a bi?t,KINH_TE,0
32,0,Khong Biet,CAO_DANG,Thanh Hóa,Ch?a bi?t,KINH_TE,0
34,0,Khong Biet,TRUNG_CAP_CUNG_NGANH,??ng Tháp,Ch?a bi?t,KINH_TE,0
22,0,Khong Biet,CAO_DANG,Bình Thu?n,Ch?a bi?t,KINH_TE,0
20,1,Khong Biet,DIPLOMA,TP.HCM,Ch?a bi?t,KHOA_HOC_TU_NHIEN,0
21,1,Khong Biet,DIPLOMA,TP.HCM,Ch?a bi?t,KHOA_HOC_TU_NHIEN,0
26,1,Khong Biet,VAN_BANG_HAI,Qu?ng Nam,Ch?a bi?t,NGOAI_NGU,0
23,1,Khong Biet,VAN_BANG_HAI,TP.HCM,Ch?a bi?t,KHOA_HOC_TU_NHIEN,0
21,0,Khong Biet,TRUNG_CAP_CUNG_NGANH,0,Ch?a bi?t,KHOI_NGANH_CHUA_BIET,0
20,0,Khong Biet,TRUNG_HOC_PHO_THONG,Long An,Ch?a bi?t,KHOI_NGANH_THPT,0
23,1,Khong Biet,DIPLOMA,TP.HCM,Ch?a bi?t,KHOI_NGANH_THPT,0
27,1,Khong Biet,TRUNG_HOC_PHO_THONG,V?nh Phúc,Ch?a bi?t,KHOI_NGANH_THPT,0
27,0,Khong Biet,TRUNG_CAP_CUNG_NGANH,??ng Nai,Ch?a bi?t,KINH_TE,0
27,1,Khong Biet,DIPLOMA,TP.HCM,Ch?a bi?t,KHOA_HOC_TU_NHIEN,0
25,1,Khong Biet,TRUNG_HOC_PHO_THONG,Long An,Ch?a bi?t,KHOI_NGANH_THPT,0
32,1,Khong Biet,VAN_BANG_HAI,TP.HCM,Ch?a bi?t,KHOA_HOC_TU_NHIEN,0
28,1,Khong Biet,VAN_BANG_HAI,Long An,Ch?a bi?t,KHOA_HOC_TU_NHIEN,0
38,1,Khong Biet,TRUNG_CAP_KHAC_NGANH,Hà T?nh,Ch?a bi?t,KHOI_NGANH_CHUA_BIET,0
37,0,Khong Biet,VAN_BANG_HAI,Tây Ninh,Ch?a bi?t,KHOA_HOC_TU_NHIEN,0
28,1,Khong Biet,TRUNG_CAP_KHAC_NGANH,Ngh? An,Ch?a bi?t,KHOA_HOC_TU_NHIEN,0
25,1,Khong Biet,TRUNG_HOC_PHO_THONG,Dak Lak,Ch?a bi?t,KHOI_NGANH_THPT,0
25,1,Khong Biet,VAN_BANG_HAI,Qu?ng Ngãi,Ch?a bi?t,KHOA_HOC_TU_NHIEN,0
34,1,Khong Biet,VAN_BANG_HAI,??ng Tháp,Ch?a bi?t,KHOA_HOC_TU_NHIEN,0
31,0,Khong Biet,TRUNG_CAP_CUNG_NGANH,??ng Nai,N,KHOA_HOC_TU_NHIEN,0
24,0,Khong Biet,TRUNG_CAP_CUNG_NGANH,TP.HCM,Ch?a bi?t,KINH_TE,0
23,1,Khong Biet,CAO_DANG,Qu?ng Nam,Ch?a bi?t,KHOA_HOC_TU_NHIEN,0
26,1,Khong Biet,TRUNG_HOC_PHO_THONG,Long An,Ch?a bi?t,KHOI_NGANH_THPT,0
22,1,Khong Biet,DIPLOMA,TP.HCM,Ch?a bi?t,KHOA_HOC_TU_NHIEN,0
23,1,Khong Biet,DIPLOMA,Bình ??nh,Ch?a bi?t,KHOA_HOC_TU_NHIEN,0
22,1,TB,TRUNG_HOC_PHO_THONG,Sóc Tr?ng,N,KHOI_NGANH_THPT,0
0,1,Khong Biet,VAN_BANG_HAI,Khánh Hòa,Ch?a bi?t,KHOA_HOC_TU_NHIEN,0
35,1,Khong Biet,VAN_BANG_HAI,Ngh? An,Ch?a bi?t,KHOI_NGANH_CHUA_BIET,0
25,0,Khong Biet,TRUNG_HOC_PHO_THONG,TP.HCM,Ch?a bi?t,KHOI_NGANH_THPT,0
28,1,Khong Biet,CAO_DANG,Ngh? An,Ch?a bi?t,KHOA_HOC_TU_NHIEN,0
28,1,Khong Biet,VAN_BANG_HAI,Tây Ninh,Ch?a bi?t,KHOA_HOC_TU_NHIEN,0
26,0,TB - Kha ,VAN_BANG_HAI,H?i Phòng,Y,KHOA_HOC_TU_NHIEN,0
24,0,Kha,VAN_BANG_HAI,TP.HCM,Y,KINH_TE,0
29,1,Khong Biet,VAN_BANG_HAI,H?i D??ng,N,KHOA_HOC_TU_NHIEN,0
28,1,Khong Biet,TRUNG_HOC_PHO_THONG,Nam ??nh,N,KHOI_NGANH_THPT,0
26,1,Khong Biet,VAN_BANG_HAI,Ti?n Giang,Ch?a bi?t,KHOA_HOC_TU_NHIEN,0
24,1,Khong Biet,VAN_BANG_HAI,TP.HCM,Ch?a bi?t,KHOI_NGANH_CHUA_BIET,0
29,0,Khong Biet,VAN_BANG_HAI,TP.HCM,Ch?a bi?t,NGOAI_NGU,0
32,1,Khong Biet,VAN_BANG_HAI,TP.HCM,Ch?a bi?t,KHOI_NGANH_CHUA_BIET,0
35,0,Khong Biet,VAN_BANG_HAI,Hà N?i,Ch?a bi?t,KHOI_NGANH_CHUA_BIET,0
30,0,Khong Biet,VAN_BANG_HAI,??ng Tháp,Ch?a bi?t,KHOA_HOC_TU_NHIEN,0
27,1,Khong Biet,VAN_BANG_HAI,??ng Nai,Ch?a bi?t,KHOA_HOC_TU_NHIEN,0
33,0,Khong Biet,VAN_BANG_HAI,Biên Hòa,Ch?a bi?t,NGOAI_NGU,0
35,1,Khong Biet,VAN_BANG_HAI,Th?a Thiên Hu?,Ch?a bi?t,NGOAI_NGU,0
31,0,Khong Biet,VAN_BANG_HAI,B?n Tre,Ch?a bi?t,KHOA_HOC_TU_NHIEN,0
25,1,Khong Biet,VAN_BANG_HAI,Nam ??nh,Ch?a bi?t,KHOI_NGANH_CHUA_BIET,0
24,1,Khong Biet,VAN_BANG_HAI,V?nh Phú,Ch?a bi?t,KHOA_HOC_TU_NHIEN,0
25,0,Khong Biet,CAO_DANG,Hà T?nh,Ch?a bi?t,KHOA_HOC_TU_NHIEN,0
22,0,Khong Biet,CAO_DANG,??ng Nai,Ch?a bi?t,KINH_TE,0
22,0,Khong Biet,CAO_DANG,Bình ??nh,Ch?a bi?t,KINH_TE,0
32,1,Khong Biet,CAO_DANG,Kiên Giang,Ch?a bi?t,KHOA_HOC_TU_NHIEN,0
25,1,Khong Biet,CAO_DANG,Thái Bình,Ch?a bi?t,KINH_TE,0
27,0,Khong Biet,CAO_DANG,Nam ??nh,Ch?a bi?t,KHOA_HOC_TU_NHIEN,0
24,0,Khong Biet,CAO_DANG,Ti?n Giang,Ch?a bi?t,KHOA_HOC_TU_NHIEN,0
24,0,Khong Biet,CAO_DANG,Bình ??nh,Ch?a bi?t,KHOA_HOC_TU_NHIEN,0
24,1,Khong Biet,CAO_DANG,Tây Ninh,Ch?a bi?t,KHOA_HOC_TU_NHIEN,0
33,1,Khong Biet,CAO_DANG,Qu?ng Ngãi,Ch?a bi?t,KHOA_HOC_TU_NHIEN,0
24,0,Khong Biet,CAO_DANG,Ti?n Giang,Ch?a bi?t,KHOA_HOC_TU_NHIEN,0
22,0,Khong Biet,CAO_DANG,TP.HCM,Ch?a bi?t,KINH_TE,0
23,1,Khong Biet,CAO_DANG,??ng Tháp,Ch?a bi?t,KHOA_HOC_TU_NHIEN,0
25,1,Khong Biet,CAO_DANG,Kiên Giang,Ch?a bi?t,KHOA_HOC_TU_NHIEN,0
27,1,Khong Biet,CAO_DANG,Ti?n Giang,Ch?a bi?t,KINH_TE,0
23,0,Khong Biet,CAO_DANG,Ti?n Giang,Ch?a bi?t,KHOA_HOC_TU_NHIEN,0
22,0,Khong Biet,CAO_DANG,Tây Ninh,Ch?a bi?t,KINH_TE,0
35,0,Khong Biet,VAN_BANG_HAI,Ngh? An,Ch?a bi?t,KHOA_HOC_TU_NHIEN,0
29,0,Khong Biet,VAN_BANG_HAI,Long An,Ch?a bi?t,KHOA_HOC_TU_NHIEN,0
27,0,Khong Biet,VAN_BANG_HAI,TP.HCM,Ch?a bi?t,NGOAI_NGU,0
28,0,Khong Biet,VAN_BANG_HAI,Lâm ??ng,Ch?a bi?t,NGOAI_NGU,0
35,1,Khong Biet,VAN_BANG_HAI,Nam ??nh,Ch?a bi?t,KHOA_HOC_TU_NHIEN,0
27,0,Khong Biet,VAN_BANG_HAI,Nam ??nh,Ch?a bi?t,KINH_TE,0
28,1,Khong Biet,VAN_BANG_HAI,?à N?ng,Ch?a bi?t,KHOA_HOC_TU_NHIEN,0
27,0,Khong Biet,CAO_DANG,An Giang,Ch?a bi?t,KINH_TE,0
30,1,Khong Biet,CAO_DANG,Hà Tây,Ch?a bi?t,KINH_TE,0
31,0,Khong Biet,CAO_DANG,Qu?ng Nam,Ch?a bi?t,KINH_TE,0
28,0,Khong Biet,CAO_DANG,Hu?,Ch?a bi?t,KINH_TE,0
31,0,Khong Biet,CAO_DANG,TP.HCM,Ch?a bi?t,KINH_TE,0
28,0,Khong Biet,CAO_DANG,Long An,Ch?a bi?t,KHOI_NGANH_CHUA_BIET,0
28,0,Khong Biet,TRUNG_CAP_CUNG_NGANH,??ng Nai,Ch?a bi?t,KINH_TE,0
22,0,Khong Biet,TRUNG_CAP_CUNG_NGANH,Lâm ??ng,Ch?a bi?t,KINH_TE,0
27,1,Khong Biet,TRUNG_CAP_CUNG_NGANH,TP.HCM,N,KINH_TE,0
24,1,Khong Biet,TRUNG_CAP_CUNG_NGANH,Ngh? An,Ch?a bi?t,KINH_TE,0
26,0,Khong Biet,TRUNG_CAP_CUNG_NGANH,TP.HCM,Ch?a bi?t,KINH_TE,0
32,0,Khong Biet,TRUNG_CAP_CUNG_NGANH,Qu?ng Ngãi,Ch?a bi?t,KINH_TE,0
38,0,TB,TRUNG_CAP_CUNG_NGANH,Tây Ninh,N,KINH_TE,0
23,0,Khong Biet,VAN_BANG_HAI,Ninh Bình,Ch?a bi?t,KHOI_NGANH_CHUA_BIET,0
28,0,Khong Biet,VAN_BANG_HAI,Qu?ng Nam,Ch?a bi?t,KINH_TE,0
29,1,Khong Biet,VAN_BANG_HAI,Tây Ninh,Ch?a bi?t,KHOI_NGANH_CHUA_BIET,0
23,1,Khong Biet,DIPLOMA,??ng Nai,Ch?a bi?t,KHOA_HOC_TU_NHIEN,0
23,1,Khong Biet,DIPLOMA,Lâm ??ng,N,KHOA_HOC_TU_NHIEN,0
21,1,Khong Biet,TRUNG_HOC_PHO_THONG,TP.HCM,Y,KHOI_NGANH_THPT,0
24,1,Khong Biet,DIPLOMA,TP.HCM,Ch?a bi?t,KHOA_HOC_TU_NHIEN,0
22,1,Khong Biet,DIPLOMA,Th?a Thiên Hu?,Ch?a bi?t,KHOA_HOC_TU_NHIEN,0
28,1,Khong Biet,DIPLOMA,Hà Tây,Ch?a bi?t,KHOA_HOC_TU_NHIEN,0
22,1,Khong Biet,TRUNG_HOC_PHO_THONG,Tây Ninh,Y,KHOI_NGANH_THPT,0
25,0,Khong Biet,TRUNG_CAP_KHAC_NGANH,??ng Nai,Ch?a bi?t,KINH_TE,0
28,0,Khong Biet,TRUNG_CAP_KHAC_NGANH,Lâm ??ng,N,KHOI_NGANH_CHUA_BIET,0
22,0,Khong Biet,TRUNG_HOC_PHO_THONG,Tây Ninh,Ch?a bi?t,KHOI_NGANH_THPT,0
26,1,Khong Biet,TRUNG_CAP_KHAC_NGANH,H?i D??ng,Ch?a bi?t,KHOA_HOC_TU_NHIEN,0
25,0,Khong Biet,TRUNG_CAP_CUNG_NGANH,V?nh Phúc,Ch?a bi?t,KINH_TE,0
26,0,Khong Biet,TRUNG_HOC_PHO_THONG,TP.HCM,Ch?a bi?t,KHOI_NGANH_THPT,0
24,0,Khong Biet,TRUNG_HOC_PHO_THONG,Bình D??ng,Ch?a bi?t,KHOI_NGANH_THPT,0
33,0,Khong Biet,TRUNG_CAP_KHAC_NGANH,Qu?ng Tr?,Ch?a bi?t,KHOA_HOC_TU_NHIEN,0
23,0,Khong Biet,VAN_BANG_HAI,C?n Th?,Ch?a bi?t,KINH_TE,0
30,1,Khong Biet,VAN_BANG_HAI,??ng Tháp,N,KHOA_HOC_TU_NHIEN,0
28,0,Khong Biet,VAN_BANG_HAI,TP.HCM,Ch?a bi?t,KHOA_HOC_TU_NHIEN,0
26,1,Khong Biet,VAN_BANG_HAI,?à N?ng,N,KINH_TE,0
23,0,Khong Biet,VAN_BANG_HAI,Bình ??nh,Ch?a bi?t,KHOA_HOC_XA_HOI_NHAN_VAN,0
32,0,Khong Biet,VAN_BANG_HAI,B?n Tre,Ch?a bi?t,KINH_TE,0
28,1,Khong Biet,VAN_BANG_HAI,TP.HCM,Ch?a bi?t,KHOA_HOC_XA_HOI_NHAN_VAN,0
27,1,Khong Biet,VAN_BANG_HAI,??ng Nai,Ch?a bi?t,KHOA_HOC_XA_HOI_NHAN_VAN,0
25,1,Khong Biet,VAN_BANG_HAI,Ninh Thu?n,Ch?a bi?t,KINH_TE,0
25,0,Khong Biet,VAN_BANG_HAI,??ng Nai,N,KHOA_HOC_TU_NHIEN,0
23,1,Khong Biet,CAO_DANG,Kiên Giang,Ch?a bi?t,KHOA_HOC_TU_NHIEN,0
35,1,Khong Biet,VAN_BANG_HAI,H?i Phòng,Ch?a bi?t,KHOA_HOC_TU_NHIEN,0
24,0,Khong Biet,CAO_DANG,0,N,KHOI_NGANH_CHUA_BIET,0
25,1,Khong Biet,TRUNG_HOC_PHO_THONG,Tây Ninh,N,KHOI_NGANH_THPT,0
32,1,Khong Biet,TRUNG_CAP_CUNG_NGANH,Thanh Hóa,N,KINH_TE,0
22,1,Khong Biet,DIPLOMA,??k L?k,Ch?a bi?t,KHOA_HOC_TU_NHIEN,0
26,1,Khong Biet,VAN_BANG_HAI,Hà Nam,Ch?a bi?t,KINH_TE,0
23,0,Khong Biet,VAN_BANG_HAI,C?n Th?,Ch?a bi?t,NGOAI_NGU,0
25,0,Khong Biet,TRUNG_CAP_KHAC_NGANH,??k Nông,Ch?a bi?t,KHOI_NGANH_CHUA_BIET,0
28,1,Khong Biet,VAN_BANG_HAI,TP.HCM,Ch?a bi?t,KHOA_HOC_TU_NHIEN,0
36,0,Khong Biet,VAN_BANG_HAI,TP.HCM,Ch?a bi?t,KHOA_HOC_TU_NHIEN,0
23,1,Khong Biet,DIPLOMA,Gia Lai,N,KHOA_HOC_TU_NHIEN,0
34,0,Khong Biet,CAO_DANG,Bình Ph??c,N,KHOA_HOC_TU_NHIEN,0
32,1,Khong Biet,VAN_BANG_HAI,Qu?ng Nam,Ch?a bi?t,KHOA_HOC_TU_NHIEN,0
21,0,Khong Biet,TRUNG_CAP_CUNG_NGANH,KonTum,Ch?a bi?t,KINH_TE,0
30,0,Khong Biet,TRUNG_HOC_PHO_THONG,Bình D??ng,N,KHOI_NGANH_THPT,0
27,0,Khong Biet,TRUNG_CAP_CUNG_NGANH,Bình D??ng,Ch?a bi?t,KINH_TE,0
23,1,Khong Biet,CAO_DANG,Thanh Hóa,Ch?a bi?t,KHOA_HOC_TU_NHIEN,0
24,1,Khong Biet,CAO_DANG,Bà R?a - V?ng Tàu,Ch?a bi?t,KHOA_HOC_TU_NHIEN,0
26,0,Khong Biet,VAN_BANG_HAI,Lâm ??ng,N,KHOA_HOC_TU_NHIEN,0
27,1,Khong Biet,TRUNG_HOC_PHO_THONG,TP.HCM,Ch?a bi?t,KHOI_NGANH_THPT,0
29,1,Khong Biet,CAO_DANG,??ng Tháp,Ch?a bi?t,KINH_TE,0
32,1,Khong Biet,TRUNG_HOC_PHO_THONG,H?i Phòng,N,KHOI_NGANH_THPT,0
27,1,Khong Biet,CAO_DANG,B?nTre,Ch?a bi?t,KHOA_HOC_TU_NHIEN,0
25,0,Khong Biet,VAN_BANG_HAI,Kiên Giang,Ch?a bi?t,KHOI_NGANH_CHUA_BIET,0
31,0,Khong Biet,CAO_DANG,TP.HCM,Ch?a bi?t,KHOA_HOC_TU_NHIEN,0
22,0,Khong Biet,TRUNG_CAP_CUNG_NGANH,TP.HCM,N,KINH_TE,0
24,0,Khong Biet,VAN_BANG_HAI,Hu?,Ch?a bi?t,KHOA_HOC_TU_NHIEN,0
25,0,Khong Biet,CAO_DANG,??ng Tháp,Ch?a bi?t,KHOA_HOC_TU_NHIEN,0
37,1,Khong Biet,TRUNG_HOC_PHO_THONG,??ng Nai,Ch?a bi?t,KHOI_NGANH_THPT,0
26,0,Khong Biet,TRUNG_CAP_KHAC_NGANH,Qu?ng Nam,N,KINH_TE,0
25,0,Khong Biet,VAN_BANG_HAI,B?n Tre,N,KHOA_HOC_TU_NHIEN,0
24,0,Khong Biet,VAN_BANG_HAI,B?n Tre,Ch?a bi?t,KHOI_NGANH_CHUA_BIET,0
30,1,Khong Biet,TRUNG_HOC_PHO_THONG,TP.HCM,Ch?a bi?t,KHOI_NGANH_THPT,0
31,1,Khong Biet,VAN_BANG_HAI,??k L?k,Ch?a bi?t,NGOAI_NGU,0
26,1,Khong Biet,VAN_BANG_HAI,??ng Nai,Ch?a bi?t,KHOI_NGANH_CHUA_BIET,0
26,1,Khong Biet,TRUNG_CAP_KHAC_NGANH,Nam ??nh,N,KHOA_HOC_TU_NHIEN,0
25,1,Khong Biet,VAN_BANG_HAI,Ngh? An,Ch?a bi?t,KHOA_HOC_XA_HOI_NHAN_VAN,0
30,1,Khong Biet,CAO_DANG,Tuyên Quang,Ch?a bi?t,KHOA_HOC_TU_NHIEN,0
27,1,Khong Biet,DIPLOMA,0,Ch?a bi?t,KHOI_NGANH_CHUA_BIET,0
0,1,Khong Biet,CAO_DANG,V?nh Long,Ch?a bi?t,KHOA_HOC_TU_NHIEN,0
32,1,Khong Biet,DIPLOMA,TP.HCM,Ch?a bi?t,KHOA_HOC_TU_NHIEN,0
24,1,Khong Biet,TRUNG_HOC_PHO_THONG,B?n Tre,Ch?a bi?t,KHOI_NGANH_THPT,0
25,1,Khong Biet,CAO_DANG,Thái Bình,Ch?a bi?t,KHOA_HOC_TU_NHIEN,0
24,1,Khong Biet,CAO_DANG,H?i D??ng,Ch?a bi?t,KINH_TE,0
27,1,Khong Biet,DIPLOMA,TP.HCM,Ch?a bi?t,KHOA_HOC_TU_NHIEN,0
33,0,Khong Biet,VAN_BANG_HAI,An Giang,Ch?a bi?t,KHOI_NGANH_CHUA_BIET,0
29,1,Khong Biet,CAO_DANG,Thái Bình,Ch?a bi?t,KINH_TE,0
29,1,Khong Biet,TRUNG_CAP_KHAC_NGANH,Ngh? An,Ch?a bi?t,KHOI_NGANH_CHUA_BIET,0
29,0,Khong Biet,CAO_DANG,V?ng Tàu,Y,NGOAI_NGU,0
24,0,Khong Biet,TRUNG_CAP_CUNG_NGANH,TP.HCM,Ch?a bi?t,KINH_TE,0
27,0,Khong Biet,VAN_BANG_HAI,TP.HCM,Ch?a bi?t,KHOA_HOC_TU_NHIEN,0
28,0,Khong Biet,VAN_BANG_HAI,TP.HCM,Ch?a bi?t,KHOA_HOC_TU_NHIEN,0
31,1,Khong Biet,CAO_DANG,Lâm ??ng,Ch?a bi?t,KHOA_HOC_TU_NHIEN,0
22,0,Khong Biet,TRUNG_CAP_KHAC_NGANH,V?nh Long,Ch?a bi?t,KINH_TE,0
23,1,Khong Biet,CAO_DANG,V?ng Tàu,Ch?a bi?t,KHOA_HOC_TU_NHIEN,0
24,0,Khong Biet,CAO_DANG,Khánh Hòa,Ch?a bi?t,KHOA_HOC_TU_NHIEN,0
22,0,Khong Biet,CAO_DANG,Phú Yên,Ch?a bi?t,KHOA_HOC_XA_HOI_NHAN_VAN,0
35,0,Khong Biet,TRUNG_CAP_KHAC_NGANH,Bình ??nh,Ch?a bi?t,KINH_TE,0
23,0,Khong Biet,VAN_BANG_HAI,Qu?ng Ngãi,Ch?a bi?t,KHOI_NGANH_CHUA_BIET,0
25,1,Khong Biet,VAN_BANG_HAI,TP.HCM,Ch?a bi?t,KHOA_HOC_XA_HOI_NHAN_VAN,0
25,1,Khong Biet,CAO_DANG,TP.HCM,Ch?a bi?t,KHOA_HOC_TU_NHIEN,0
24,1,Khong Biet,TRUNG_CAP_CUNG_NGANH,Tây Ninh,N,KINH_TE,0
30,1,Khong Biet,VAN_BANG_HAI,Ninh Thu?n,Ch?a bi?t,KHOA_HOC_TU_NHIEN,0
24,0,Khong Biet,TRUNG_CAP_CUNG_NGANH,Ti?n Giang,Ch?a bi?t,KINH_TE,0
23,1,Khong Biet,DIPLOMA,Lâm ??ng,N,KHOA_HOC_TU_NHIEN,0
22,0,Khong Biet,CAO_DANG,TP.HCM,Ch?a bi?t,KHOA_HOC_XA_HOI_NHAN_VAN,0
27,1,Khong Biet,DIPLOMA,??ng Nai,Ch?a bi?t,KHOA_HOC_TU_NHIEN,0
26,0,Khong Biet,TRUNG_CAP_CUNG_NGANH,Bình Thu?n,Ch?a bi?t,KINH_TE,0
35,0,Khong Biet,VAN_BANG_HAI,??ng Tháp,Ch?a bi?t,KHOA_HOC_TU_NHIEN,0
24,0,Khong Biet,CAO_DANG,Cà Mau,Ch?a bi?t,KINH_TE,0
23,1,Khong Biet,CAO_DANG,??k L?k,Ch?a bi?t,KHOA_HOC_TU_NHIEN,0
47,1,Khong Biet,TRUNG_HOC_PHO_THONG,Khánh Hòa,N,KHOI_NGANH_THPT,0
23,1,Khong Biet,CAO_DANG,Long An,Ch?a bi?t,KHOA_HOC_TU_NHIEN,0
28,1,Khong Biet,VAN_BANG_HAI,Bình Thu?n,Ch?a bi?t,KHOI_NGANH_CHUA_BIET,0
23,1,Khong Biet,CAO_DANG,??ng Nai,Ch?a bi?t,KHOA_HOC_XA_HOI_NHAN_VAN,0
26,1,Khong Biet,VAN_BANG_HAI,??ng Nai,Ch?a bi?t,KHOA_HOC_TU_NHIEN,0
25,0,Khong Biet,CAO_DANG,Bình ??nh,Ch?a bi?t,KINH_TE,0
26,1,Khong Biet,CAO_DANG,H?i D??ng,N,KINH_TE,0
31,1,Khong Biet,VAN_BANG_HAI,Ngh? An,N,KHOA_HOC_TU_NHIEN,0
32,1,Khong Biet,VAN_BANG_HAI,H?i Phòng,N,KHOA_HOC_TU_NHIEN,0
30,0,Khong Biet,VAN_BANG_HAI,Gia Lai,Ch?a bi?t,KHOI_NGANH_CHUA_BIET,0
23,0,Khong Biet,VAN_BANG_HAI,Tây Ninh,Ch?a bi?t,KINH_TE,0
26,0,Khong Biet,VAN_BANG_HAI,??ng Nai,Ch?a bi?t,KHOI_NGANH_CHUA_BIET,0
39,1,Khong Biet,VAN_BANG_HAI,TP.HCM,N,KINH_TE,0
24,0,Khong Biet,CAO_DANG,Tuyên Quang,Ch?a bi?t,KHOI_NGANH_CHUA_BIET,0
24,1,Khong Biet,DIPLOMA,??ng Nai,N,KHOI_NGANH_CHUA_BIET,0
22,0,Khong Biet,VAN_BANG_HAI,V?ng Tàu,Ch?a bi?t,KINH_TE,0
24,1,Khong Biet,CAO_DANG,Khánh Hòa,Ch?a bi?t,KINH_TE,0
25,1,TB,TRUNG_HOC_PHO_THONG,Sóc Tr?ng,Y,KHOI_NGANH_THPT,0
30,1,Khong Biet,TRUNG_HOC_PHO_THONG,Hòa Bình,N,KHOI_NGANH_CHUA_BIET,0
26,0,Khong Biet,VAN_BANG_HAI,H?u Giang,Ch?a bi?t,KHOI_NGANH_CHUA_BIET,0
29,1,Khong Biet,VAN_BANG_HAI,Ngh? An ,Ch?a bi?t,KHOI_NGANH_CHUA_BIET,0
23,1,Khong Biet,CAO_DANG,Qu?ng Nam,Ch?a bi?t,KINH_TE,0
28,0,Khong Biet,VAN_BANG_HAI,TP.HCM,Ch?a bi?t,KHOI_NGANH_CHUA_BIET,0
29,1,Khong Biet,TRUNG_CAP_KHAC_NGANH,??ng Nai,N,KHOI_NGANH_CHUA_BIET,0
26,1,Khong Biet,CAO_DANG,Ninh Bình,Ch?a bi?t,KHOI_NGANH_CHUA_BIET,0
35,0,Khong Biet,TRUNG_CAP_CUNG_NGANH,H?i H?ng,N,KINH_TE,0
23,1,Khong Biet,CAO_DANG,Bình ??nh,Ch?a bi?t,KHOI_NGANH_CHUA_BIET,0
22,0,Khong Biet,CAO_DANG,TP.HCM,Ch?a bi?t,KINH_TE,0
30,0,Khong Biet,VAN_BANG_HAI,TP.HCM,Ch?a bi?t,KINH_TE,0
27,1,Khong Biet,VAN_BANG_HAI,TP.HCM,Ch?a bi?t,KHOI_NGANH_CHUA_BIET,0
32,0,Khong Biet,VAN_BANG_HAI,Bình Ph??c,Ch?a bi?t,KINH_TE,0
25,0,Khong Biet,TRUNG_CAP_CUNG_NGANH,Lâm ??ng,Ch?a bi?t,KINH_TE,0
28,0,Khong Biet,TRUNG_HOC_PHO_THONG,??ng Nai,N,KHOI_NGANH_THPT,0
24,0,Khong Biet,VAN_BANG_HAI,Ngh? An ,Ch?a bi?t,KINH_TE,0
27,1,Khong Biet,CAO_DANG,Nam ??nh,N,KHOI_NGANH_CHUA_BIET,0
25,1,Khong Biet,TRUNG_HOC_PHO_THONG,Tây Ninh,N,KHOI_NGANH_THPT,0
29,1,Khong Biet,CAO_DANG,TP.HCM,Ch?a bi?t,KINH_TE,0
26,1,Khong Biet,VAN_BANG_HAI,Qu?ng Ngãi,Ch?a bi?t,KHOI_NGANH_CHUA_BIET,0
23,0,Khong Biet,VAN_BANG_HAI,Sofia - Bungaria,Ch?a bi?t,KINH_TE,0
23,0,Khong Biet,CAO_DANG,Bình Thu?n,Ch?a bi?t,KINH_TE,0
38,0,Khong Biet,VAN_BANG_HAI,Hu?,N,KINH_TE,0
27,1,Khong Biet,CAO_DANG,??k L?k,Ch?a bi?t,KHOI_NGANH_CHUA_BIET,0
24,0,Khong Biet,TRUNG_CAP_KHAC_NGANH,B?n Tre,Y,KINH_TE,0
27,0,Khong Biet,TRUNG_HOC_PHO_THONG,TP.HCM,N,KHOI_NGANH_THPT,0
30,0,Khong Biet,TRUNG_CAP_CUNG_NGANH,TP.HCM,Ch?a bi?t,KINH_TE,0
25,1,Khong Biet,CAO_DANG,Qu?ng Bình,Ch?a bi?t,KINH_TE,0
24,0,Khong Biet,VAN_BANG_HAI,Gia Lai,Ch?a bi?t,KINH_TE,0
25,0,Khong Biet,VAN_BANG_HAI,Thanh Hóa,Ch?a bi?t,KHOI_NGANH_CHUA_BIET,0
29,0,Khong Biet,CAO_DANG,TP.HCM,Ch?a bi?t,KINH_TE,0
22,0,Khong Biet,CAO_DANG,Lâm ??ng,Ch?a bi?t,KINH_TE,0
27,1,Khong Biet,TRUNG_CAP_KHAC_NGANH,V?ng Tàu,N,KHOI_NGANH_CHUA_BIET,0
28,1,Khong Biet,VAN_BANG_HAI,Hà T?nh,N,KINH_TE,0
28,1,Khong Biet,VAN_BANG_HAI,?à N?ng,Ch?a bi?t,KHOI_NGANH_CHUA_BIET,0
24,1,Khong Biet,CAO_DANG,Phú Yên,Ch?a bi?t,KINH_TE,0
23,0,Khong Biet,TRUNG_HOC_PHO_THONG,Ngh? An ,N,KHOI_NGANH_THPT,0
24,0,Khong Biet,VAN_BANG_HAI,An Giang,Ch?a bi?t,KHOI_NGANH_CHUA_BIET,0
22,0,Khong Biet,CAO_DANG,Ninh Bình,Ch?a bi?t,KINH_TE,0
23,0,Khong Biet,VAN_BANG_HAI,Qu?ng  Nam,Ch?a bi?t,KHOI_NGANH_CHUA_BIET,0
23,1,Khong Biet,CAO_DANG,Ninh Bình,N,KHOI_NGANH_CHUA_BIET,0
25,0,Khong Biet,VAN_BANG_HAI,TP.HCM,Ch?a bi?t,KINH_TE,0
26,1,Khong Biet,CAO_DANG,?i?n Biên,Ch?a bi?t,KINH_TE,0
28,0,Khong Biet,VAN_BANG_HAI,Tây Ninh,Ch?a bi?t,KHOI_NGANH_CHUA_BIET,0
30,1,Khong Biet,VAN_BANG_HAI,TP.HCM,Ch?a bi?t,KHOI_NGANH_CHUA_BIET,0
27,0,Khong Biet,VAN_BANG_HAI,B?n Tre,N,KHOI_NGANH_CHUA_BIET,0
20,0,Khong Biet,TRUNG_CAP_KHAC_NGANH,Bình Thu?n,N,KHOI_NGANH_CHUA_BIET,0
27,0,Khong Biet,TRUNG_HOC_PHO_THONG,Darong Buk,N,KHOI_NGANH_CHUA_BIET,0
21,1,Khong Biet,TRUNG_CAP_KHAC_NGANH,Bình D??ng,N,KINH_TE,0
30,1,Khong Biet,CAO_DANG,Qu?ng Ngãi,Ch?a bi?t,KINH_TE,0
47,1,Khong Biet,VAN_BANG_HAI,?à N?ng,N,KINH_TE,0
27,0,Khong Biet,TRUNG_CAP_CUNG_NGANH,Bình Thu?n,Ch?a bi?t,KINH_TE,0
29,1,Khong Biet,VAN_BANG_HAI,Thanh Hóa,N,KHOA_HOC_TU_NHIEN,0
28,0,Khong Biet,VAN_BANG_HAI,Long An,N,KHOI_NGANH_THPT,0
22,1,Khong Biet,DIPLOMA,Khánh Hòa,N,KHOA_HOC_TU_NHIEN,0
27,1,Khong Biet,CAO_DANG,Ti?n Giang,N,KHOA_HOC_TU_NHIEN,0
28,1,Kha,CAO_DANG,Phú yên,Y,KINH_TE,0
23,0,Khong Biet,TRUNG_CAP_KHAC_NGANH,B?c Giang,N,KINH_TE,0
20,1,Khong Biet,TRUNG_HOC_PHO_THONG,Phú yên,N,KHOI_NGANH_THPT,0
24,0,Khong Biet,TRUNG_CAP_CUNG_NGANH,Ti?n Giang,N,KINH_TE,0
25,1,Khong Biet,DIPLOMA,H?ng Yên,Ch?a bi?t,KHOA_HOC_TU_NHIEN,0
27,0,Khong Biet,VAN_BANG_HAI,??ng Nai,Ch?a bi?t,KHOA_HOC_TU_NHIEN,0
30,1,Khong Biet,VAN_BANG_HAI,??ng Nai,Ch?a bi?t,KHOA_HOC_TU_NHIEN,0
25,1,Khong Biet,CAO_DANG,Bình Thu?n,N,KHOI_NGANH_CHUA_BIET,0
24,0,Khong Biet,VAN_BANG_HAI,Thái Bình,Ch?a bi?t,KINH_TE,0
25,1,Khong Biet,VAN_BANG_HAI,Bình ??nh,N,KHOA_HOC_TU_NHIEN,0
22,1,Khong Biet,VAN_BANG_HAI,V?nh Phúc,N,KHOI_NGANH_CHUA_BIET,0
29,1,Khong Biet,CAO_DANG,Thái Bình,N,KHOA_HOC_TU_NHIEN,0
32,1,Khong Biet,VAN_BANG_HAI,Qu?ng Nam,N,KHOI_NGANH_CHUA_BIET,0
25,1,Khong Biet,VAN_BANG_HAI,Nam ??nh,N,KHOA_HOC_TU_NHIEN,0
29,1,Khong Biet,TRUNG_CAP_KHAC_NGANH,??ng Nai,Ch?a bi?t,KHOI_NGANH_CHUA_BIET,0
22,1,Khong Biet,CAO_DANG,Lâm ??ng,N,KHOA_HOC_TU_NHIEN,0
28,1,Khong Biet,VAN_BANG_HAI,TP.HCM,Ch?a bi?t,KHOA_HOC_TU_NHIEN,0
33,0,Khong Biet,TRUNG_CAP_CUNG_NGANH,Gia Lai,Ch?a bi?t,KINH_TE,0
24,0,Khong Biet,CAO_DANG,TP.HCM,Ch?a bi?t,KINH_TE,0
23,1,Khong Biet,CAO_DANG,An Giang,Ch?a bi?t,KHOA_HOC_TU_NHIEN,0
27,0,Khong Biet,VAN_BANG_HAI,Bình ??nh,N,KHOA_HOC_TU_NHIEN,0
31,1,Khong Biet,TRUNG_HOC_PHO_THONG,Thái Bình,N,KHOI_NGANH_THPT,0
23,1,Khong Biet,VAN_BANG_HAI,An Giang,Ch?a bi?t,KHOA_HOC_TU_NHIEN,0
22,0,Khong Biet,CAO_DANG,Ninh Thu?n,Ch?a bi?t,KINH_TE,0
30,1,Khong Biet,VAN_BANG_HAI,??ng Nai,Ch?a bi?t,KINH_TE,0
23,1,Khong Biet,CAO_DANG,Bình ??nh,Ch?a bi?t,KINH_TE,0
22,0,Khong Biet,CAO_DANG,TP.HCM,Ch?a bi?t,KINH_TE,0
32,1,Khong Biet,VAN_BANG_HAI,Qu?ng Nam,Ch?a bi?t,KHOA_HOC_TU_NHIEN,0
26,0,Khong Biet,VAN_BANG_HAI,Hà T?nh,Ch?a bi?t,KHOA_HOC_XA_HOI_NHAN_VAN,0
31,1,Khong Biet,TRUNG_CAP_CUNG_NGANH,Tây Ninh,Ch?a bi?t,KHOI_NGANH_CHUA_BIET,0
27,0,Khong Biet,VAN_BANG_HAI,An Giang,Ch?a bi?t,KHOI_NGANH_CHUA_BIET,0
32,0,Khong Biet,VAN_BANG_HAI,TP.HCM,Ch?a bi?t,KHOA_HOC_TU_NHIEN,0
26,0,Khong Biet,CAO_DANG,Hà T?nh,Ch?a bi?t,KINH_TE,0
23,0,Khong Biet,CAO_DANG,Gia Lai,Ch?a bi?t,KINH_TE,0
24,0,Khong Biet,VAN_BANG_HAI,Hòa Bình,Ch?a bi?t,NGOAI_NGU,0
31,0,Khong Biet,CAO_DANG,Bình Thu?n,N,KINH_TE,0
19,1,Khong Biet,TRUNG_HOC_PHO_THONG,Qu?ng Ngãi,Ch?a bi?t,KHOI_NGANH_THPT,0
29,1,Khong Biet,TRUNG_HOC_PHO_THONG,Bình Thu?n,N,KHOI_NGANH_THPT,0
32,1,Khong Biet,VAN_BANG_HAI,Trà Vinh,Ch?a bi?t,KHOA_HOC_TU_NHIEN,0
35,1,Khong Biet,VAN_BANG_HAI,?à N?ng,Ch?a bi?t,KINH_TE,0
33,1,Khong Biet,VAN_BANG_HAI,Tây Ninh,Ch?a bi?t,KHOA_HOC_TU_NHIEN,0
29,0,Khong Biet,VAN_BANG_HAI,Long An,N,KHOA_HOC_XA_HOI_NHAN_VAN,0
23,0,Khong Biet,CAO_DANG,Thanh Hóa,N,KINH_TE,0
29,1,Khong Biet,DIPLOMA,Ti?n Giang,N,KHOA_HOC_TU_NHIEN,0
24,1,Khong Biet,TRUNG_HOC_PHO_THONG,Thái Bình,N,KHOI_NGANH_THPT,0
27,0,TB - Kha,TRUNG_CAP_CUNG_NGANH,C? Chi,N,KINH_TE,0
23,0,Khong Biet,TRUNG_CAP_CUNG_NGANH,Ninh Bình,N,KINH_TE,0
25,1,Khong Biet,VAN_BANG_HAI,Hà N?i,N,KINH_TE,0
27,0,Khong Biet,VAN_BANG_HAI,Ngh? An,N,KHOA_HOC_XA_HOI_NHAN_VAN,0
26,1,Khong Biet,TRUNG_HOC_PHO_THONG,Hà N?i,N,KHOI_NGANH_THPT,0
30,1,Khong Biet,VAN_BANG_HAI,Hà N?i,N,KHOA_HOC_TU_NHIEN,0
23,0,Khong Biet,CAO_DANG,Hà N?i,N,KHOA_HOC_TU_NHIEN,0
23,1,Khong Biet,TRUNG_HOC_PHO_THONG,Phú Th?,N,KHOA_HOC_TU_NHIEN,0
28,0,Khong Biet,VAN_BANG_HAI,Hà N?i,N,KINH_TE,0
27,0,Khong Biet,VAN_BANG_HAI,Qu?ng Ninh,N,NGOAI_NGU,0
27,0,Khong Biet,CAO_DANG,B?c Ninh,N,KINH_TE,0
20,1,Khong Biet,VAN_BANG_HAI,H?i D??ng,N,KHOA_HOC_TU_NHIEN,0
25,0,Khong Biet,CAO_DANG,B?c Giang,N,KHOA_HOC_XA_HOI_NHAN_VAN,0
24,0,Khong Biet,VAN_BANG_HAI,Nam ??nh,N,KHOA_HOC_TU_NHIEN,0
27,1,Kha ,VAN_BANG_HAI,H?i D??ng,Y,KHOA_HOC_TU_NHIEN,0
27,1,Khong Biet,TRUNG_HOC_PHO_THONG,B?c Ninh,N,KHOI_NGANH_THPT,0
28,0,TB - Kha,CAO_DANG,Hà N?i,N,KHOA_HOC_XA_HOI_NHAN_VAN,0
28,1,Khong Biet,CAO_DANG,Qu?ng Bình,N,KHOA_HOC_TU_NHIEN,0
26,0,Khong Biet,CAO_DANG,H?i D??ng,N,KHOA_HOC_TU_NHIEN,0
28,1,Khong Biet,VAN_BANG_HAI,Thái Bình,N,KHOA_HOC_TU_NHIEN,0
27,1,Kha ,VAN_BANG_HAI,Qu?ng Ninh,Y,KHOA_HOC_TU_NHIEN,0
26,0,Khong Biet,CAO_DANG,Hà N?i,N,NGOAI_NGU,0
27,0,Khong Biet,VAN_BANG_HAI,B?c Ninh,Ch?a bi?t,KINH_TE,0
28,0,Khong Biet,TRUNG_HOC_PHO_THONG,H?i D??ng,Ch?a bi?t,KHOI_NGANH_THPT,0
25,0,Khong Biet,CAO_DANG,H?ng Yên,Ch?a bi?t,KHOA_HOC_TU_NHIEN,0
27,0,Khong Biet,VAN_BANG_HAI,H?ng Yên,Ch?a bi?t,KINH_TE,0
23,0,Khong Biet,VAN_BANG_HAI,Qu?ng Ninh,Ch?a bi?t,KINH_TE,0
22,0,Khong Biet,CAO_DANG,H?i Phòng,N,KHOA_HOC_XA_HOI_NHAN_VAN,0
29,0,Khong Biet,VAN_BANG_HAI,Yên Bái,Ch?a bi?t,KHOA_HOC_TU_NHIEN,0
22,0,Khong Biet,CAO_DANG,Nam ??nh,Ch?a bi?t,KINH_TE,0
26,1,Khong Biet,TRUNG_CAP_CUNG_NGANH,Hà N?i,Ch?a bi?t,KINH_TE,0
27,1,Khong Biet,VAN_BANG_HAI,Hà Nam ,Ch?a bi?t,KHOA_HOC_TU_NHIEN,0
25,1,Khong Biet,TRUNG_HOC_PHO_THONG,Lào Cai,Ch?a bi?t,KHOI_NGANH_THPT,0
28,1,Khong Biet,TRUNG_HOC_PHO_THONG,B?c Giang,Ch?a bi?t,KHOI_NGANH_THPT,0
26,1,Khong Biet,VAN_BANG_HAI,Hà TRUE,Ch?a bi?t,KHOA_HOC_TU_NHIEN,0
32,1,Khong Biet,VAN_BANG_HAI,Hà N?i,Ch?a bi?t,KINH_TE,0
22,1,Khong Biet,CAO_DANG,H?i Phòng,Ch?a bi?t,KHOA_HOC_TU_NHIEN,0
20,0,TB - Kha,DIPLOMA,H?i Phòng,N,KHOA_HOC_TU_NHIEN,0
27,0,Khong Biet,TRUNG_HOC_PHO_THONG,H?i Phòng,Ch?a bi?t,KHOI_NGANH_THPT,0
31,1,Khong Biet,VAN_BANG_HAI,Thái Bình,Ch?a bi?t,KHOA_HOC_TU_NHIEN,0
25,1,Khong Biet,VAN_BANG_HAI,V?nh Phúc,Ch?a bi?t,KHOA_HOC_TU_NHIEN,0
27,1,Khong Biet,VAN_BANG_HAI,H?i D??ng,Ch?a bi?t,KHOA_HOC_TU_NHIEN,0
22,1,Khong Biet,CAO_DANG,H?i Phòng,Ch?a bi?t,KHOA_HOC_TU_NHIEN,0
22,0,Khong Biet,TRUNG_CAP_CUNG_NGANH,Thái Bình,Ch?a bi?t,KINH_TE,0
28,1,TB - Kha ,VAN_BANG_HAI,H?i D??ng,Y,KHOA_HOC_TU_NHIEN,0
27,0,TB - Kha ,VAN_BANG_HAI,H?i Phòng,Y,KHOA_HOC_TU_NHIEN,0
29,1,Khong Biet,VAN_BANG_HAI,H?i Phòng,N,KHOA_HOC_TU_NHIEN,0
24,1,Khong Biet,DIPLOMA,H?i Phòng,N,KHOI_NGANH_CHUA_BIET,0
28,0,Kha ,TRUNG_CAP_CUNG_NGANH,Qu?ng Ninh,N,KINH_TE,0
25,0,Khong Biet,CAO_DANG,Thanh Hóa,N,KHOI_NGANH_CHUA_BIET,0
27,1,Khong Biet,VAN_BANG_HAI,Qu?ng Ninh,N,KHOI_NGANH_CHUA_BIET,0
24,0,Khong Biet,CAO_DANG,H?i D??ng,N,KHOI_NGANH_CHUA_BIET,0
25,1,Khong Biet,VAN_BANG_HAI,H?i D??ng,N,KHOI_NGANH_CHUA_BIET,0
38,1,Khong Biet,VAN_BANG_HAI,Thái Bình,N,KHOI_NGANH_CHUA_BIET,0
24,0,Khong Biet,TRUNG_CAP_CUNG_NGANH,H?i D??ng,N,KHOI_NGANH_CHUA_BIET,0
27,0,Kha,TRUNG_CAP_CUNG_NGANH,Nam ??nh,N,KINH_TE,0
1,0,Khong Biet,TRUNG_CAP_CUNG_NGANH,An Giang,N,KINH_TE,0
28,1,Khong Biet,CAO_DANG,L?ng S?n,Ch?a bi?t,KINH_TE,0
27,1,Khong Biet,CAO_DANG,Thái Bình,Ch?a bi?t,KHOI_NGANH_CHUA_BIET,0
28,1,Khong Biet,TRUNG_CAP_CUNG_NGANH,??ng Tháp,Ch?a bi?t,KHOI_NGANH_CHUA_BIET,0
1,1,Khong Biet,TRUNG_CAP_CUNG_NGANH,Sóc Tr?ng,Ch?a bi?t,KHOI_NGANH_CHUA_BIET,0
26,1,Khong Biet,CAO_DANG,Qu?ng Ngãi,Y,KINH_TE,0
35,1,Khong Biet,VAN_BANG_HAI,Bình ??nh,Ch?a bi?t,KHOI_NGANH_CHUA_BIET,0
24,0,Khong Biet,TRUNG_CAP_CUNG_NGANH,Phú Th?,Ch?a bi?t,KINH_TE,0
30,0,Khong Biet,VAN_BANG_HAI,B?c Giang,N,KHOI_NGANH_CHUA_BIET,0
24,0,Khong Biet,CAO_DANG,??ng Nai,N,KINH_TE,0
27,1,Khong Biet,VAN_BANG_HAI,V?nh Phú,N,KHOI_NGANH_CHUA_BIET,0
35,1,Khong Biet,CAO_DANG,TP.HCM,Ch?a bi?t,KHOI_NGANH_CHUA_BIET,0
25,1,Khong Biet,VAN_BANG_HAI,H?i D??ng,Ch?a bi?t,KINH_TE,0
22,0,Khong Biet,TRUNG_CAP_CUNG_NGANH,Bình ??nh,N,KINH_TE,0
28,0,Khong Biet,VAN_BANG_HAI,Ninh Bình,Ch?a bi?t,KHOI_NGANH_CHUA_BIET,0
24,0,Khong Biet,VAN_BANG_HAI,??k L?k,Ch?a bi?t,KHOI_NGANH_CHUA_BIET,0
25,0,Khong Biet,CAO_DANG,Long An,Ch?a bi?t,KHOI_NGANH_CHUA_BIET,0
24,1,Khong Biet,TRUNG_CAP_KHACH_NGANH,Kon Tum,Ch?a bi?t,KHOI_NGANH_CHUA_BIET,0
25,0,Khong Biet,VAN_BANG_HAI,Hà N?i,N,KINH_TE,0
30,0,Khong Biet,VAN_BANG_HAI,Lai Châu,N,KHOA_HOC_TU_NHIEN,0
30,0,Khong Biet,VAN_BANG_HAI,Thái Bình,N,KHOA_HOC_XA_HOI_NHAN_VAN,0
29,1,Khong Biet,VAN_BANG_HAI,Ngh? An,N,KHOA_HOC_TU_NHIEN,0
33,1,Khong Biet,VAN_BANG_HAI,Ngh? An,N,KHOA_HOC_TU_NHIEN,0
28,1,Khong Biet,TRUNG_HOC_PHO_THONG,H?i D??ng,N,KHOI_NGANH_THPT,0
30,0,Khong Biet,VAN_BANG_HAI,H?i D??ng,N,KHOA_HOC_TU_NHIEN,0
26,0,Khong Biet,VAN_BANG_HAI,V?nh Phúc,N,NGOAI_NGU,0
31,1,Khong Biet,VAN_BANG_HAI,Hà N?i,N,KINH_TE,0
35,0,Khong Biet,VAN_BANG_HAI,Hà N?i,N,NGOAI_NGU,0
26,0,Khong Biet,TRUNG_CAP_CUNG_NGANH,Phú Th?,N,KINH_TE,0
30,0,Khong Biet,VAN_BANG_HAI,Phú Th?,N,NGOAI_NGU,0
24,0,Khong Biet,TRUNG_CAP_CUNG_NGANH,Nam ??nh,N,KINH_TE,0
29,1,Khong Biet,VAN_BANG_HAI,Tuyên Quang,N,KHOA_HOC_XA_HOI_NHAN_VAN,0
22,1,Khong Biet,VAN_BANG_HAI,Hà N?i,N,KHOA_HOC_TU_NHIEN,0
28,1,Khong Biet,DIPLOMA,Ngh? An,N,KHOA_HOC_TU_NHIEN,0
25,0,Khong Biet,TRUNG_HOC_PHO_THONG,Hà N?i,N,KHOI_NGANH_THPT,0
27,0,Khong Biet,CAO_DANG,V?nh Phúc,N,KHOA_HOC_TU_NHIEN,0
28,0,Khong Biet,VAN_BANG_HAI,H?i D??ng,N,KHOA_HOC_XA_HOI_NHAN_VAN,0
30,0,Khong Biet,VAN_BANG_HAI,Hà N?i,N,KHOA_HOC_XA_HOI_NHAN_VAN,0
25,1,Khong Biet,TRUNG_HOC_PHO_THONG,B?c Ninh,N,KHOI_NGANH_THPT,0
27,0,Khong Biet,VAN_BANG_HAI,Hà N?i,N,NGOAI_NGU,0
27,0,Khong Biet,VAN_BANG_HAI,B?c Giang,N,KHOA_HOC_TU_NHIEN,0
27,1,TB,TRUNG_CAP_CUNG_NGANH,Ninh Thu?n,N,KINH_TE,0
28,0,Khong Biet,CAO_DANG,Sông Bé,Ch?a bi?t,KHOI_NGANH_CHUA_BIET,0
23,0,Khong Biet,VAN_BANG_HAI,Tây Ninh,Ch?a bi?t,KHOI_NGANH_CHUA_BIET,0
36,0,Khong Biet,VAN_BANG_HAI,B?n Tre,Ch?a bi?t,KHOI_NGANH_CHUA_BIET,0
27,1,Khong Biet,VAN_BANG_HAI,Ninh Thu?n,Ch?a bi?t,KINH_TE,0
25,0,Khong Biet,CAO_DANG,Tây Ninh,Ch?a bi?t,KHOI_NGANH_CHUA_BIET,0
29,1,Khong Biet,CAO_DANG,Qu?ng Tr?,Ch?a bi?t,KHOI_NGANH_CHUA_BIET,0
24,1,Khong Biet,VAN_BANG_HAI,B?n Tre,Ch?a bi?t,KHOI_NGANH_CHUA_BIET,0
27,1,Khong Biet,CAO_DANG,TP.HCM,Ch?a bi?t,KHOI_NGANH_CHUA_BIET,0
26,1,Khong Biet,CAO_DANG,Ngh? An,Ch?a bi?t,KHOI_NGANH_CHUA_BIET,0
27,1,Khong Biet,CAO_DANG,V?ng Tàu,Ch?a bi?t,KINH_TE,0
22,1,Khong Biet,CAO_DANG,TP.HCM,Ch?a bi?t,KHOI_NGANH_CHUA_BIET,0
24,1,Khong Biet,CAO_DANG,Bình ??nh,N,KHOI_NGANH_CHUA_BIET,0
25,0,Khong Biet,CAO_DANG,Hà N?i,Ch?a bi?t,KHOI_NGANH_CHUA_BIET,0
27,0,Khong Biet,TRUNG_CAP_CUNG_NGANH,Phú Th?,Ch?a bi?t,KINH_TE,0
28,0,Khong Biet,CAO_DANG,??ng Nai,N,KINH_TE,0
27,0,Khong Biet,VAN_BANG_HAI,Ti?n Giang,Ch?a bi?t,KINH_TE,0
23,1,Khong Biet,CAO_DANG,Ti?n Giang,N,KHOI_NGANH_CHUA_BIET,0
24,0,Khong Biet,CAO_DANG,TP.HCM,Ch?a bi?t,KHOI_NGANH_CHUA_BIET,0
24,0,Khong Biet,VAN_BANG_HAI,Tây Ninh,Ch?a bi?t,KHOI_NGANH_CHUA_BIET,0
27,0,Khong Biet,VAN_BANG_HAI,??ng Nai,N,KINH_TE,0
26,1,Khong Biet,TRUNG_CAP_CUNG_NGANH,??ng Nai,Ch?a bi?t,KHOI_NGANH_CHUA_BIET,0
1,0,Khong Biet,TRUNG_CAP_CUNG_NGANH,Tây Ninh,Ch?a bi?t,KINH_TE,0
23,1,Khong Biet,CAO_DANG,??ng Tháp,Ch?a bi?t,KHOI_NGANH_CHUA_BIET,0
29,0,Khong Biet,CAO_DANG,TP.HCM,N,KHOI_NGANH_CHUA_BIET,0
24,0,Khong Biet,VAN_BANG_HAI,Bình ??nh,N,KINH_TE,0
26,1,Khong Biet,CAO_DANG,Phú Khánh,N,KHOI_NGANH_CHUA_BIET,0
22,0,Khong Biet,CAO_DANG,Bình ??nh,N,KINH_TE,0
33,0,Khong Biet,TRUNG_CAP_CUNG_NGANH,An Giang,N,KINH_TE,0
26,1,Khong Biet,DIPLOMA,Nam ??nh,Ch?a bi?t,KHOI_NGANH_CHUA_BIET,0
22,1,Khong Biet,VAN_BANG_HAI,Sóc Tr?ng,Ch?a bi?t,KINH_TE,0
33,0,Khong Biet,VAN_BANG_HAI,Trà Vinh,N,KINH_TE,0
28,0,Khong Biet,VAN_BANG_HAI,?à L?t,Ch?a bi?t,KHOI_NGANH_CHUA_BIET,0
32,1,Khong Biet,VAN_BANG_HAI,Hu?,Ch?a bi?t,KHOI_NGANH_CHUA_BIET,0
30,1,Khong Biet,VAN_BANG_HAI,An Giang,N,KHOI_NGANH_CHUA_BIET,0
31,1,Khong Biet,VAN_BANG_HAI,TP.HCM,Ch?a bi?t,KHOI_NGANH_CHUA_BIET,0
23,1,Khong Biet,CAO_DANG,??k L?k,Ch?a bi?t,KINH_TE,0
26,1,Khong Biet,CAO_DANG,Qu?ng Ngãi,Ch?a bi?t,KHOI_NGANH_CHUA_BIET,0
27,1,Khong Biet,CAO_DANG,TP.HCM,Ch?a bi?t,KHOI_NGANH_CHUA_BIET,0
23,1,Khong Biet,CAO_DANG,C?n Th?,Ch?a bi?t,KINH_TE,0
22,0,Khong Biet,CAO_DANG,H?i D??ng,Ch?a bi?t,KINH_TE,0
27,1,Khong Biet,CAO_DANG,Hà N?i,N,KHOA_HOC_TU_NHIEN,0
26,0,Khong Biet,VAN_BANG_HAI,Hòa Bình,N,NGOAI_NGU,0
23,0,Khong Biet,CAO_DANG,Hà N?i,N,KINH_TE,0
38,1,Khong Biet,VAN_BANG_HAI,H?i Phòng,N,KHOA_HOC_XA_HOI_NHAN_VAN,0
21,1,Khong Biet,TRUNG_HOC_PHO_THONG,Qu?ng Ninh,N,KHOI_NGANH_THPT,0
23,0,Khong Biet,CAO_DANG,Hà N?i,N,KHOA_HOC_TU_NHIEN,0
27,0,Khong Biet,TRUNG_HOC_PHO_THONG,H?i D??ng,N,KHOI_NGANH_THPT,0
29,0,Khong Biet,VAN_BANG_HAI,Hà N?i,N,KHOA_HOC_TU_NHIEN,0
34,1,Khong Biet,VAN_BANG_HAI,Hà N?i,N,KHOA_HOC_TU_NHIEN,0
26,1,Khong Biet,VAN_BANG_HAI,Thái Bình,N,NGOAI_NGU,0
26,0,Khong Biet,TRUNG_CAP_CUNG_NGANH,Thanh Hóa,N,KINH_TE,0
23,0,Khong Biet,CAO_DANG,Thái Bình,N,KINH_TE,0
27,0,Khong Biet,VAN_BANG_HAI,B?c Ninh,N,KHOA_HOC_XA_HOI_NHAN_VAN,0
25,1,Khong Biet,VAN_BANG_HAI,H?ng Yên,N,KHOA_HOC_TU_NHIEN,0
24,1,Khong Biet,DIPLOMA,Hà N?i,N,KHOA_HOC_TU_NHIEN,0
33,1,Khong Biet,VAN_BANG_HAI,Nam ??nh,N,KHOA_HOC_TU_NHIEN,0
21,1,Khong Biet,DIPLOMA,B?c Giang,N,KHOA_HOC_TU_NHIEN,0
23,0,Khong Biet,TRUNG_HOC_PHO_THONG,B?c Ninh,N,KHOI_NGANH_THPT,0
25,1,Khong Biet,TRUNG_HOC_PHO_THONG,Hà Nam,N,KHOI_NGANH_THPT,0
23,1,Khong Biet,TRUNG_HOC_PHO_THONG,Hà Nam,N,KHOI_NGANH_THPT,0
23,0,Khong Biet,TRUNG_HOC_PHO_THONG,B?c Giang,N,KHOI_NGANH_THPT,0
23,1,Khong Biet,TRUNG_HOC_PHO_THONG,B?c Giang,N,KHOI_NGANH_THPT,0
30,1,Khong Biet,VAN_BANG_HAI,H?i D??ng,N,KINH_TE,0
26,0,Khong Biet,TRUNG_CAP_CUNG_NGANH,Tuyên Quang,N,KINH_TE,0
25,1,Khong Biet,VAN_BANG_HAI,Hà Nam,N,KHOA_HOC_TU_NHIEN,0
26,1,Khong Biet,VAN_BANG_HAI,Thái Nguyên,N,KHOA_HOC_TU_NHIEN,0
29,1,Khong Biet,VAN_BANG_HAI,Nam ??nh,N,KHOA_HOC_TU_NHIEN,0
27,0,Khong Biet,CAO_DANG,Nam ??nh,N,KINH_TE,0
34,1,Khong Biet,VAN_BANG_HAI,Thái Bình,N,KHOA_HOC_XA_HOI_NHAN_VAN,0
30,1,Khong Biet,VAN_BANG_HAI,Hà N?i,N,KHOA_HOC_TU_NHIEN,0
29,1,Khong Biet,CAO_DANG,V?nh Phúc,N,KHOA_HOC_TU_NHIEN,0
30,0,Khong Biet,CAO_DANG,Hà N?i,N,KHOA_HOC_TU_NHIEN,0
28,0,Khong Biet,TRUNG_CAP_CUNG_NGANH,Hòa Bình,N,KHOI_NGANH_THPT,0
27,1,Khong Biet,VAN_BANG_HAI,Nam ??nh,N,KHOA_HOC_TU_NHIEN,0
31,0,Khong Biet,VAN_BANG_HAI,H?i Phòng,N,NGOAI_NGU,0
26,0,Khong Biet,VAN_BANG_HAI,Nam ??nh,N,NGOAI_NGU,0
26,1,Khong Biet,VAN_BANG_HAI,H?i D??ng,N,KHOA_HOC_TU_NHIEN,0
23,1,Khong Biet,VAN_BANG_HAI,Hà N?i,N,KHOA_HOC_TU_NHIEN,0
31,0,Khong Biet,VAN_BANG_HAI,B?c Giang,N,KHOA_HOC_XA_HOI_NHAN_VAN,0
29,1,Khong Biet,TRUNG_HOC_PHO_THONG,Hà N?i,N,KHOI_NGANH_THPT,0
24,1,Khong Biet,CAO_DANG,Phú Th?,N,KHOI_NGANH_CHUA_BIET,0
28,1,Khong Biet,TRUNG_HOC_PHO_THONG,Thái Bình,N,KHOI_NGANH_THPT,0
25,1,Khong Biet,CAO_DANG,B?c Giang,N,KHOA_HOC_TU_NHIEN,0
27,0,Khong Biet,VAN_BANG_HAI,Hà N?i,N,KINH_TE,0
19,0,Khong Biet,TRUNG_HOC_PHO_THONG,Hà Nam,N,KHOI_NGANH_THPT,0
26,1,Khong Biet,CAO_DANG,H?i D??ng,N,KINH_TE,0
28,0,Khong Biet,TRUNG_CAP_CUNG_NGANH,Hà Tây,N,KINH_TE,0
25,1,Khong Biet,VAN_BANG_HAI,Thái Bình,N,KINH_TE,0
31,1,Khong Biet,VAN_BANG_HAI,Ninh Bình,N,KHOA_HOC_TU_NHIEN,0
33,1,Khong Biet,VAN_BANG_HAI,Lào Cai,N,KHOA_HOC_TU_NHIEN,0
22,1,Khong Biet,CAO_DANG,H?i Phòng,N,KINH_TE,0
23,0,Khong Biet,TRUNG_HOC_PHO_THONG,B?c Giang,N,KHOI_NGANH_THPT,0
30,1,Khong Biet,VAN_BANG_HAI,H?i Phòng,N,KINH_TE,0
33,1,Khong Biet,VAN_BANG_HAI,H?i Phòng,N,KHOA_HOC_TU_NHIEN,0
35,1,Khong Biet,CAO_DANG,H?i Phòng,N,KHOA_HOC_TU_NHIEN,0
32,1,Khong Biet,VAN_BANG_HAI,H?i Phòng,N,NGOAI_NGU,0
23,1,Khong Biet,DIPLOMA,H?i Phòng,N,KHOA_HOC_TU_NHIEN,0
26,1,Khong Biet,CAO_DANG,H?i Phòng,N,KHOA_HOC_XA_HOI_NHAN_VAN,0
32,0,Khong Biet,VAN_BANG_HAI,H?i Phòng,N,NGOAI_NGU,0
28,1,Khong Biet,DIPLOMA,H?i Phòng,N,KHOA_HOC_TU_NHIEN,0
21,1,Khong Biet,DIPLOMA,H?i Phòng,N,KHOA_HOC_TU_NHIEN,0
31,1,Kha ,VAN_BANG_HAI,H?i Phòng,Y,KHOA_HOC_TU_NHIEN,0
23,0,Khong Biet,VAN_BANG_HAI,H?i Phòng,N,KHOA_HOC_XA_HOI_NHAN_VAN,0
22,0,Khong Biet,CAO_DANG,H?i Phòng,N,KINH_TE,0
24,1,Khong Biet,DIPLOMA,H?i Phòng,N,KHOA_HOC_TU_NHIEN,0
33,0,Khong Biet,VAN_BANG_HAI,H?i Phòng,N,KHOA_HOC_TU_NHIEN,0
23,1,Khong Biet,VAN_BANG_HAI,H?i Phòng,Y,KHOA_HOC_TU_NHIEN,0
32,1,Khong Biet,VAN_BANG_HAI,Thanh Hóa,N,KHOA_HOC_TU_NHIEN,0
26,0,Khong Biet,VAN_BANG_HAI,TP.HCM,Y,KHOI_NGANH_CHUA_BIET,0
32,0,Khong Biet,CAO_DANG,TP.HCM,Y,KHOI_NGANH_CHUA_BIET,0
47,1,Khong Biet,VAN_BANG_HAI,TP.HCM,Y,KHOI_NGANH_CHUA_BIET,0
21,1,Khong Biet,VAN_BANG_HAI,?à N?ng,N,KHOA_HOC_TU_NHIEN,0
25,1,TB - Kha ,CAO_DANG,Qu?ng Ninh,Y,KHOA_HOC_TU_NHIEN,0
22,1,Khong Biet,TRUNG_CAP_CUNG_NGANH,B?n Tre,N,KINH_TE,0
27,1,Khong Biet,VAN_BANG_HAI,Ngh? An,Y,KHOA_HOC_TU_NHIEN,0
26,1,TB,TRUNG_CAP_CUNG_NGANH,C?n Th?,N,KHOA_HOC_TU_NHIEN,0
32,0,Khong Biet,DOI_TUONG_KHONG_BIET,0,N,KHOA_HOC_TU_NHIEN,0
29,1,TB - Kha,TRUNG_CAP_CUNG_NGANH,TP.HCM,N,KHOA_HOC_TU_NHIEN,0
28,1,Khong Biet,CAO_DANG,TP.HCM,N,KHOI_NGANH_CHUA_BIET,0
32,1,TB,VAN_BANG_HAI,B?c Ninh,Y,KHOA_HOC_TU_NHIEN,0
22,1,Gioi ,DIPLOMA,Qu?ng Ngãi,N,KHOA_HOC_TU_NHIEN,0
25,0,TB - Kha,CAO_DANG,Ngh? An,Y,KHOI_NGANH_CHUA_BIET,0
29,1,TB - Kha ,VAN_BANG_HAI,H?i Phòng,Y,KHOA_HOC_TU_NHIEN,0
30,1,TB - Kha ,VAN_BANG_HAI,H?i Phòng,Y,KHOA_HOC_TU_NHIEN,0
28,0,Kha ,TRUNG_HOC_PHO_THONG,Ninh Bi?nh,N,KHOI_NGANH_CHUA_BIET,0
24,1,TB - Kha ,CAO_DANG,H?i Phòng,Y,KHOA_HOC_TU_NHIEN,0
24,1,TB - Kha ,CAO_DANG,Hà Nam Ninh,N,KINH_TE,0
25,1,Khong Biet,TRUNG_HOC_PHO_THONG,H?u Giang,N,KHOI_NGANH_CHUA_BIET,0
23,0,Khong Biet,TRUNG_HOC_PHO_THONG,TP.HCM,N,KHOI_NGANH_CHUA_BIET,0
31,1,Khong Biet,DIPLOMA,KonTum,N,KHOI_NGANH_CHUA_BIET,0
28,1,Kha,VAN_BANG_HAI,H?i Phòng,Y,KHOA_HOC_TU_NHIEN,0
27,1,Kha ,VAN_BANG_HAI,Qu?ng Ninh,Y,KHOA_HOC_TU_NHIEN,0
29,1,TB - Kha ,VAN_BANG_HAI,H?i Phòng,Y,KHOA_HOC_TU_NHIEN,0
29,1,TB,CAO_DANG,Tây Ninh,Y,KHOA_HOC_TU_NHIEN,0
25,1,Kha ,TRUNG_CAP_CUNG_NGANH,TP.HCM,N,KINH_TE,0
27,1,Khong Biet,DIPLOMA,?à L?t,N,KHOI_NGANH_CHUA_BIET,0
26,1,TB,TRUNG_CAP_CUNG_NGANH,Tây Ninh,N,KHOA_HOC_TU_NHIEN,0
30,1,TB,TRUNG_CAP_CUNG_NGANH,Lâm ??ng,N,KHOA_HOC_TU_NHIEN,0
28,1,TB - Kha ,VAN_BANG_HAI,H?i Phòng,Y,KHOA_HOC_TU_NHIEN,0
23,1,Khong Biet,DIPLOMA,TP.HCM,N,KHOA_HOC_TU_NHIEN,0
29,1,TB - Kha,VAN_BANG_HAI,Quãng Ngãi,Y,KHOA_HOC_TU_NHIEN,0
26,1,Khong Biet,DIPLOMA,Yên Bái ,N,KHOI_NGANH_CHUA_BIET,0
26,1,Khong Biet,TRUNG_CAP_KHAC_NGANH,H?i D??ng,N,KHOI_NGANH_CHUA_BIET,0
23,0,Khong Biet,TRUNG_CAP_KHAC_NGANH,H?ng Yên ,N,KHOI_NGANH_CHUA_BIET,0
29,1,Khong Biet,TRUNG_HOC_PHO_THONG,Hà N?i ,N,KHOI_NGANH_CHUA_BIET,0
30,1,TB,VAN_BANG_HAI,H?i Phòng,Y,KHOI_NGANH_CHUA_BIET,0
24,0,Khong Biet,CAO_DANG,Hà N?i,Y,KINH_TE,0
31,1,Khong Biet,TRUNG_HOC_PHO_THONG,Hà N?i ,N,KHOI_NGANH_CHUA_BIET,0
30,1,Kha,DIPLOMA,Lâm ??ng,N,KHOA_HOC_TU_NHIEN,0
24,0,Kha ,VAN_BANG_HAI,Hà N?i,Y,KHOA_HOC_XA_HOI_NHAN_VAN,0
31,0,Khong Biet,TRUNG_HOC_PHO_THONG,??kl?c,N,KHOI_NGANH_CHUA_BIET,0
29,1,Kha,VAN_BANG_HAI,TP.HCM,N,KHOA_HOC_TU_NHIEN,0
26,1,Khong Biet,TRUNG_CAP_KHAC_NGANH,Bình ??nh,N,KHOI_NGANH_CHUA_BIET,0
26,1,Khong Biet,TRUNG_HOC_PHO_THONG,B?n Tre,N,KHOI_NGANH_CHUA_BIET,0
28,0,Khong Biet,VAN_BANG_HAI,??ng Tháp,Y,KHOI_NGANH_CHUA_BIET,0
25,1,Khong Biet,TRUNG_CAP_KHAC_NGANH,Lâm ??ng,N,KHOI_NGANH_CHUA_BIET,0
26,1,Khong Biet,DIPLOMA,Cà Mau,N,KHOA_HOC_TU_NHIEN,0
25,0,TB,TRUNG_CAP_CUNG_NGANH,V?ng Tàu,N,KINH_TE,0
32,1,Kha,VAN_BANG_HAI,H?i phòng,Y,KHOA_HOC_TU_NHIEN,0
39,1,Kha ,VAN_BANG_HAI,H?i D??ng,Y,KHOA_HOC_TU_NHIEN,0
27,0,Khong Biet,VAN_BANG_HAI,H?i Phòng,Y,NGOAI_NGU,0
34,1,TB - Kha ,VAN_BANG_HAI,H?i Phòng,Y,KHOA_HOC_TU_NHIEN,0
24,0,TB - Kha ,CAO_DANG,Nam ?inh ,Y,KHOA_HOC_TU_NHIEN,0
29,0,TB - Kha ,VAN_BANG_HAI,H?i Phòng,Y,KHOA_HOC_TU_NHIEN,0
24,1,Khong Biet,DIPLOMA,Long An,N,KHOA_HOC_TU_NHIEN,0
24,0,Gioi ,VAN_BANG_HAI,H?i Phòng,Y,KINH_TE,0
29,0,Khong Biet,TRUNG_HOC_PHO_THONG,Thái Bình,N,KHOI_NGANH_CHUA_BIET,0
22,1,Khong Biet,DIPLOMA,Long An,N,KHOA_HOC_TU_NHIEN,0
30,1,Gioi ,DIPLOMA,TP.HCM,N,KHOA_HOC_TU_NHIEN,0
28,0,Khong Biet,TRUNG_CAP_CUNG_NGANH,??ng Nai,N,KINH_TE,0
27,0,Khong Biet,DIPLOMA,TP.HCM,N,KHOA_HOC_TU_NHIEN,0
29,1,Khong Biet,CAO_DANG,Ngh? An,Y,KHOA_HOC_TU_NHIEN,0
23,1,Khong Biet,DIPLOMA,TP.HCM,N,KHOA_HOC_TU_NHIEN,0
23,0,Khong Biet,TRUNG_CAP_CUNG_NGANH,Thanh Hóa,N,KINH_TE,0
26,0,Khong Biet,DIPLOMA,??ng Nai,N,KHOA_HOC_TU_NHIEN,0
26,0,Khong Biet,TRUNG_CAP_CUNG_NGANH,Khánh Hòa,N,KINH_TE,0
26,0,Khong Biet,CAO_DANG,TP.HCM,N,KHOA_HOC_TU_NHIEN,0
26,0,TB,TRUNG_CAP_CUNG_NGANH,Thanh Hóa,N,KINH_TE,0
28,0,Khong Biet,VAN_BANG_HAI,TP.HCM,Y,NGOAI_NGU,0
28,1,Khong Biet,VAN_BANG_HAI,Quãng Ngãi,Y,KHOA_HOC_TU_NHIEN,0
22,1,Khong Biet,VAN_BANG_HAI,H?i phòng,N,KINH_TE,0
26,1,Kha,VAN_BANG_HAI,Hà N?i,Y,KHOA_HOC_TU_NHIEN,0
26,1,Khong Biet,VAN_BANG_HAI,H?i Phòng,N,KHOA_HOC_XA_HOI_NHAN_VAN,0
27,0,TB ,TRUNG_CAP_CUNG_NGANH,H?i Phòng,N,KINH_TE,0
28,1,TB - Kha ,VAN_BANG_HAI,Nam ??nh ,Y,KHOA_HOC_TU_NHIEN,0
29,1,Kha ,DIPLOMA,Ti?n Giang,N,KHOA_HOC_TU_NHIEN,1
28,0,TB - Kha ,TRUNG_CAP_CUNG_NGANH, Hà N?i,N,KHOA_HOC_TU_NHIEN,1
27,0,TB - Kha ,CAO_DANG,Hà N?i,N,KHOA_HOC_TU_NHIEN,1
28,1,TB,VAN_BANG_HAI,Phú Yên,Y,KHOA_HOC_TU_NHIEN,1
34,0,Khong Biet,CAO_DANG,Thái Bình,Y,NGOAI_NGU,1
28,0,Khong Biet,TRUNG_CAP_CUNG_NGANH,Qu?ng Tr?,N,KINH_TE,1
24,0,TB - Kha,TRUNG_CAP_KHAC_NGANH,Qu?ng Ngãi,Y,KHOA_HOC_TU_NHIEN,1
23,1,Khong Biet,TRUNG_CAP_CUNG_NGANH,Long An,N,KINH_TE,1
31,0,Khong Biet,CAO_DANG,TP.HCM,N,KINH_TE,1
33,1,TB,VAN_BANG_HAI,TP.HCM,Y,NGOAI_NGU,1
26,0,Khong Biet,TRUNG_CAP_CUNG_NGANH, ??ng Tháp,Y,KHOA_HOC_TU_NHIEN,1
26,1,Khong Biet,CAO_DANG,TP.HCM,Y,KHOA_HOC_TU_NHIEN,1
31,1,Khong Biet,VAN_BANG_HAI,Ti?n Giang,Y,KHOA_HOC_TU_NHIEN,1
27,0,Khong Biet,CAO_DANG,Hà Nam,Y,KINH_TE,1
29,0,Khong Biet,CAO_DANG,Hà N?i,N,KHOA_HOC_TU_NHIEN,1
25,1,Khong Biet,CAO_DANG,V?nh Phúc ,N,KHOA_HOC_TU_NHIEN,1
31,0,Khong Biet,CAO_DANG,Nam ??nh ,Y,KHOA_HOC_TU_NHIEN,1
27,0,Khong Biet,CAO_DANG, Ninh Thu?n,Y,NGOAI_NGU,1
27,0,Khong Biet,CAO_DANG,Qu?ng Ngãi,Y,KHOA_HOC_TU_NHIEN,1
32,1,Khong Biet,VAN_BANG_HAI,Gia Lai,Y,KHOA_HOC_TU_NHIEN,1
28,1,Khong Biet,CAO_DANG,Hà N?i,Y,KHOA_HOC_TU_NHIEN,1
31,1,Khong Biet,VAN_BANG_HAI,Qu?ng Ngãi,Y,KHOA_HOC_TU_NHIEN,1
25,1,Khong Biet,CAO_DANG,Khánh Hòa,Y,KHOA_HOC_TU_NHIEN,1
29,1,TB - Kha ,TRUNG_CAP_CUNG_NGANH,Bình ??nh,N,KHOA_HOC_TU_NHIEN,1
25,0,Kha ,TRUNG_CAP_CUNG_NGANH,Ngh? An,N,KINH_TE,1
25,0,TB - Kha ,TRUNG_CAP_CUNG_NGANH,??k L?k,N,KHOA_HOC_TU_NHIEN,1
23,0,TB - Kha ,CAO_DANG,Phú Yên,Y,KHOA_HOC_TU_NHIEN,1
35,0,TB - Kha,VAN_BANG_HAI,TP.HCM,Y,NGOAI_NGU,1
29,1,Khong Biet,TRUNG_CAP_CUNG_NGANH,Kiên Giang,N,KHOA_HOC_TU_NHIEN,1
27,1,TB - Kha,DIPLOMA,??kl?c,N,KHOA_HOC_TU_NHIEN,1
31,0,Khong Biet,CAO_DANG,Ti?n Giang,N,KINH_TE,1
26,1,Khong Biet,DIPLOMA,Hà Nam Ninh,N,KHOA_HOC_TU_NHIEN,1
25,0,Khong Biet,VAN_BANG_HAI,TP.HCM,Y,KHOA_HOC_XA_HOI_NHAN_VAN,1
23,1,TB - Kha,DIPLOMA,TP.HCM,N,KHOA_HOC_TU_NHIEN,1
28,1,Khong Biet,VAN_BANG_HAI,Kiên Giang,Y,KHOA_HOC_TU_NHIEN,1
26,0,Khong Biet,VAN_BANG_HAI,Kiên Giang,Y,KHOA_HOC_TU_NHIEN,1
26,0,Khong Biet,CAO_DANG,Bình Thu?n,Y,KHOA_HOC_TU_NHIEN,1
32,1,Khong Biet,CAO_DANG,H?i D??ng,Y,KHOA_HOC_TU_NHIEN,1
25,0,Khong Biet,CAO_DANG,??ng Nai,N,KINH_TE,1
25,0,Khong Biet,TRUNG_CAP_CUNG_NGANH,Hà T?nh,N,KHOA_HOC_TU_NHIEN,1
26,1,Khong Biet,CAO_DANG,TP.HCM,Y,KINH_TE,1
27,1,Khong Biet,TRUNG_CAP_CUNG_NGANH,Hà T?nh,Y,KINH_TE,1
26,1,Khong Biet,CAO_DANG,Thanh Hóa,N,KINH_TE,1
32,1,Khong Biet,CAO_DANG,??ng Nai,Y,KHOI_NGANH_CHUA_BIET,1
30,1,Khong Biet,DIPLOMA,Lâm ??ng,N,KHOA_HOC_TU_NHIEN,1
